process,genes,immune_set,set_size
ADAPTIVE IMMUNE SYSTEM,"CD52,CD4,CD247,CD2,CCR7,BIN2,HLA-DRA,IL12RB1,TRAT1,ZAP70,TRAF3IP3,HLA-DRB1,PRKAR1B,GIMAP6,TRA@,ITK,IL2RG,TRA@ /// TRAC,CD3E,TRA@ /// TRAC /// TRAJ17 /// TRAV20,PTPRC,PRKACB,CD3D,LCK,CD3G,IL7R,KLRB1,CCL5,RASGRP1,SH2D1A,TRAV20,BCL11B,CD6,CD7,TRBC1,LEF1,NKG7,UBASH3A,PTPRCAP,TRAC,TRD@,SLA2,RORA,MAL,EOMES,XCL2,XCL1,ETS1,SAMD3,SIT1,NLRC3,SIRPG,PRKCH,ICOS,CD28,TRAJ17,NELL2,GNLY,CD27,LAT,FLT3LG,PRF1,PRKCQ,GIMAP7,GATA3,GZMA,GZMB,CD96,GZMM,GZMH,TIGIT,GZMK,ITM2A,GPR171,IL32,TARP,THEMIS,TCF7,CD5,MS4A1,PTPN22,TXK,IKZF1,CAMK4,DPP4,RHOH,CD8A,ITPR3,CD8B,CRTAM,KLRK1,IL21R,CORO1A,SLAMF7,SLAMF1,SP140,CCR5,STAT4,CXCR3,IFNG,IL18R1,PTPN7,KLF12,ATP8B2,ZMYND11,GLYR1 /// SEPT6,CHST15,LIME1,CD24,GRAP2,THEM4,LAT /// SPNS1,NOG,LRRN3,SPOCK2,FASLG,ABLIM1,BCL2,PKIA,HNRPLL,TGFB1,AES,FAM108A1,UBE2M,DEF6,H1FX,CCDC22,ACAP1,TECR,HGS,SIPA1,CLPTM1,TSC2,SH2B1,APEH,CBX4,STXBP2,BRD2,ATP5D,DGKZ,NRBP1,MAZ,GNB2,NR1H2,CNOT3,IL2RA,JUNB,FOS,FOSB,EGR1,JUN,TNF,TNFRSF4,ATF3,TNFRSF9,IL2RB,FOSL1,TNFRSF18,CXADR,LILRB4,CD40LG,LILRB2,LILRB1,TYROBP,ITGA4,VCAM1,LILRB3,IL23A,FYN,IFI30,CD37,MAPK14,ARHGDIB,LCP1,SELL,SPI1,GFI1,LPXN,LAG3,PTPN6,UNC93B1,LTB,JAK3,MGC16121,TCF4,SLC40A1,APBB1,CHI3L2,ASRGL1,PCSK5,SLC38A1,HOPX,DENND2D,TC2N,PLEKHF1,CLEC2D,FGFBP2,LBH,TRGC2,LOC439949,NPDC1,ANKH,CD320,SLC37A3,C6orf129,NDFIP2,CXCR6,TMEM106C,C12orf23,GIMAP2,F2R,TMEM200A,GPR19,TSPAN5,SV2A,GPR114,GPR15,CLDND1,SLC4A7,IL17RB,CTLA4,CCL4,FCER2,CAMK2D,CSF3,OSM,IGHD,BLK,CD200,IL1A,KIT,CD79A,MEF2C,DTX3,GAB1,SH2D2A,ADARB1,LARGE,FAM69B,CTGF,PRKCZ,CLIP4,BANK1,DHCR24,NAV1,CD19,FKBP14,PTK2,CD1B,EBF1,GPM6B,ICOSLG,VPREB1,CD9,VPREB3,LOC100132741,PSD3,SAMD13,RGL1,SCD,NDST3,ELOVL4,NTRK2,LOC100130458,RNF150,LRP12,ACPL2,TCL1A,GXYLT2,STK32B,ACCN2,GH1,LOC284757,ADCY9,VSIG10,OGN,FAM150B,CSRP2,HHIP,TNFSF13,LIF,HHEX,CEBPE,CBFA2T3,LTA,TLR4,LYN,STAP1,CD72,TSPAN13,BCL11A,C13orf18,KIAA0125,CD79B,P2RX5,BTLA,AFF3,PPAPDC1B,IGHM,LOC90925,FCRLA,SPIB,FAM129C,ABCB4,FCRL1,FCRL5,KLHL14,CXCR5,PCDH9,RALGPS2,CD22,IGH@,IGKV3-20,MACROD2,PNOC,ADAM28,LOC283663,CR2,PAX5,E2F5,PLEKHG1,PKIG,FCRL2,IGLJ3,HLA-DOB,PTPRK,IGHA1,LOC642838,LOC642424,IGK@,TPD52,CDK14,BLNK,FCGR2B,CELSR1,DENND5B,PAWR,CD180,LOC100130100,POU2AF1,FAM30A,KLF8,LOC652493,IGKC,LOC284749,FCRL3,TBC1D9,ALOX5,CD69,FAIM3,IGLV1-44,IGL@,HLA-DOA,HLA-DQA1,BTK,CPNE5,CIITA,TLR10,IGHG1,GPR18,LY9,INPP5D,SYK,PIK3CD,VAV1,PLCG2,PIK3R5,PIK3R3,RAC2,JAM3,NEDD4,GAB2,DUSP6,NR3C2,NRXN3,LY86,HBEGF,LOC144481,NR4A1,DLL1,LOC100288911,NR4A3,IGKV4-1,LOC100287723,LOC100289053,IGKV1D-13,ITM2C,LOC96610,IGLV4-60,IGLV3-19,LOC91316,LOC100290557,IGLV2-23,IGJ,OSBPL10,CYAT1,LOC100293440,TNFRSF17,GNG7,IGLL3,MGC29506,IGLL5,TXNDC5,DERL3,MUTED,IGHV3-48,IGKV1-5,SSPN,AVPR1A,KCNE4,HEPACAM2,GYPA,SEMA4B,EGF,GPR37,C11orf87,USH2A,PPP1R3A,OR12D3,POPDC3,DCC,SLC12A1,GP5,CDH5,SLITRK6,HLA-DPB1,PCDHA3,TRHDE,GHR,TAS2R13,FLRT2,TPTE,TMEM100,GYPE,PLD4,ADAM7,KCNMB3,GPR6,CSPG4,SYT2,ROBO2,FREM2,TRPC1,GPR116,TMEM47,SCN3A,NPY1R,LPPR4,NOX4,PDZK1IP1,CCR9,GABBR1,EDNRB,GJC1,LHCGR,PCDHB8,NT5E,PDPN,PCDHB4,CLDN8,LRRTM4,HRH4,NMBR,NCAM2,GRM5,TM4SF20,IL5RA,JAM2,IL28RA,MC3R,F2RL3,ASTN1,MOGAT2,SLC26A7,SLC24A1,TACR3,IL13RA2,IMPG2,LRRC19,TMEFF2,PCDH10,BTC,GPR98,AGTR1,TMEM133,UGT2A3,OR11A1,CSMD1,TRPC7,CCR6,GABRA5,PLP1,CLCA4,CNR1,EPHA3,SLC30A10,SGCE,CHRNB4,PCDHB10,PCDHB16,PCDHB15,PCDHB14,CADM2,GPR85,SLC6A15,GPR87,NLGN1,SLC13A1,OR1E1,GABRB1,TAAR2,HHLA2,SLC17A6,CNTNAP3,SLC6A16,HLA-DPA1,ABCA8,OR2J2,CHL1,TMEM156,SLC5A7,OR2W1,LPHN3,LPHN2,LRP1B,PCDH20,KCND2,SLC44A5,ITGB6,NLGN4Y,CHRM2,PTH2R,HEPH,BAI3,PTPRR,SELE,FAM26F,SCN1A,HTR1E,HLA-DMA,PPAP2C,KCNG2,SLC5A4,CAV1,TEK,TMEM37,GP1BB,SLC16A14,ICAM2,SLC44A1,CCR10,CHRM1,CLPTM1L,KCNN3,HM13,GPR25,KCNH1,TXNDC15,SDC1,DRD4,KRTCAP2,TRAM2,SCARB2,AMIGO3,LGR4,TRHR,GHSR,P2RY14,SLC38A11,C4orf34,CXCR4,TMEM56,KCNJ16,SLC26A3,MUC15,OR1G1,TAS2R7,HVCN1,GABRE,CLDN17,SORCS3,LINGO1,NKAIN4,TAS2R10,GRAMD1C,TNFRSF13B,ADAM2,GLP2R",BTM,588
ADAPTIVE IMMUNE SYSTEM,"ABL1,STAT5B,IL2,FAS,RPS6,AKT1,TAP2,HLA-DOB,FBXO38,P0DOX7,MYO1G,BTN3A2,HLA-E,CD19,OTUD7B,HLA-C,CLEC6A,CD1B,LILRB2,RAG1,JAK3,EOMES,THEMIS,HLA-DMB,CD1C,NLRP10,P0DOX6,LAG3,HLA-DRB3,P0DOX8,SYK,CTSS,RAPGEF3,CSK,CD247,ITK,CX3CR1,LILRA6,BCL10,BTLA,LILRB4,VTCN1,KLRC1,TEC,KLRC2,RAP1GAP2,ZNF683,TAP1,C17orf99,CD3G,CD8B,LAIR1,RAP1GAP,CD7,ARG2,ZAP70,CD160,CTSH,ERAP2,BTK,MCOLN2,LILRA3,GPR183,RNF19B,CD1E,P0DOX5,BTNL8,CD6,HLA-DRB4,IFNA8,CTLA4,LILRB1,BMX,CD46,IL2,TXK,P0DOX2,HMGB1,LAX1,CD79B,CD8B2,CLEC10A,CD86,TFEB,C1QBP,HLA-DPA1,TARM1,P0DOX4,HMHB1,CD81,HLA-DMA,CRTAM,SKAP1,PIK3CG,KLRK1,P0DOX3,FGL1,TFE3,IFNE,CD79A,TNFRSF17,CD247,CD3G,RPL22,BRAF,GLI3,ADA,ABL1,ZAP70,RHOA,CLEC4G,PTPRC,TICAM1,BANK1,CXCR5,TBC1D10C,CD79A,CHRNA4,CD40,GAPT,PHB1,CHRNA7,MS4A1,LAX1,RASGRP1,HSPD1,BTK,ZAP70,CD86,CD22,CHRNB2,TXLNA,BST2,AKAP17A,EPHB2,HDAC4,GPR183,BTK,CH25H,PLCG2,PTPRC,PAX5,TOP2B,IFNA8,PIK3R1,RAG1,MSH2,RAG2,IL2RG,ADGRG3,FZD9,MS4A1,EP300,PTPRJ,YY1,STAT5B,PTPN2,LYL1,SYK,CEBPG,JAK3,CD79B,CD79A,CR2,BCL6,KIT,SP3,ZBTB7A,NFAM1,ITGA4,CD40LG,IL10,IL11,BCL2,HDAC4,TPD52,TCF3,RBPJ,FOSL2,IFNE,HHEX,FLT3,VCAM1,ADAM17,IL9,CDH17,SPNS2,BAX,BCL2,GAPT,CAMLG,MEF2C,IL7R,RC3H1,SOS2,SOS1,NCKAP1L,CASP3,BAX,RAG2,TCF3,BCL2,RAG2,PRKDC,CD40,MSH2,CD70,CD19,BAX,TICAM1,BCL2,MEF2C,CD70,TLR4,IL9,CD40,BCL6,RASGRP1,PTPRC,MS4A1,CD79A,HSPD1,CD40LG,IFNA8,IL10,ABL1,IL7,CR2,PRKCD,CTPS1,IL7R,CD38,IFNE,FOSL2,WNT3A,ABL1,CD19,TLR4,GAPT,BAX,CD79A,BTK,ABL1,BCAR1,BCL2,CTLA4,CD79B,SYK,GRB2,CD19,MEF2C,MNDA,PLCG2,PTPRC,NCKAP1L,SOS1,ITK,MAPK1,BMX,NFKBIA,PTPN6,MS4A1,TEC,CD38,NFAM1,NFKB1,BANK1,CD19,TNFAIP3,ABL1,ZAP70,SYK,RHOA,LRRC17,ASXL1,LIPA,HOXB4,PTPRC,BRAF,CDH26,CD81,CD83,BRAF,TOX,PRKCQ,CD28,FUT7,IL2RG,TOX,HLA-E,WDFY4,PSMB11,IRF1,TNFSF8,EOMES,TOX,BCL2,KLRC1,RAB27A,LIG4,PTPRC,RAG2,ABL1,CCR7,CRTAM,MYH9,IL15,FCER1G,LIMK1,VAV2,SRC,VAV1,SYK,ABL1,PRKCE,MYO1G,HCK,PTK2,PRKCD,FGR,PLPP4,FCGR2B,FCGR2B,IRF8,SPI1,PLCG2,ITK,CXADR,JAML,CD3G,CD247,SYK,STAT5B,TCF7,PTPRC,CDH17,SPI1,IRF8,MEF2C,UNC13D,BCL6,ADAM17,NFKB2,BCL3,CRKL,CRK,CCL2,BCL3,ZP3,CD81,SPI1,PRKDC,IRF2BP2,KIT,SYVN1,WNT4,CLEC4G,YY1,IL4R,IL9R,CD19,PRKCD,MPL,FCGR2B,IL9,BCL10,FCER1G,IL2RB,CD27,CSF2RB,TCF3,PRKDC,LIG4,CD6,DOCK8,MSN,CD81,PRF1,EPHB1,LIG4,MSH2,MLH1,ERCC1,CD40LG,UNG,RNF168,SANBR,MSH6,BCL6,STAT6,HSPD1,LAX1,AXL,TYRO3,MERTK,CCL3,CCL18,CCL4,CCL7,XCL1,CCL2,ADAM8,GPR15LG,CX3CL1,CCL4L1,CCL1,CCL3L1,SAA1,CCL8,CCL24,CCL5,CCL20,CCL23,IL2RG,STAT5B,PRKDC,RELB,TOX,SPI1,SPNS2,SOS1,BCL2,TNFRSF17,SKIL,PACS1,SOS2,GATA3,SPNS2,FUT4,CCR7,FUT7,CRTAM,ARTN,FUT7,IL2,IMPDH2,HPRT1,FLT3,TLR4,PURA,CDH17,BCL3,LFNG,NOTCH2,IL2RG,RAG2,GPR183,C17orf99,FCGR2B,ST3GAL1,TNFSF4,ITGAL,DOCK8,THEMIS,ZAP70,GLI3,CD28,CCR7,SPN,PTPRC,PTX3,SFTPA1,LBP,C4B,MBL2,HLA-G,BCL6,LGALS1,CCR7,THEMIS,BRAF,SRF,ZAP70,ITPKB,PTPRC,CD3G,RAG1,RAG2,LRRC8A,GATA3,SPI1,CD28,ADAR,SHLD3,SHLD1,SHLD2,UNG,MLH1,MSH2,MSH6,PMS2,MSH2,MSH6,MLH1,UNG,PMS2,MSH3,MLH1,MSH2,HOXB4,NKX2-5,BCL3,LIPA,EPB42,ADAM17,CDKN2B,PBX1,NKX3-2,RC3H1,NFKB2,NKX2-3,CDH17,ABL1,CACNB4,BCL2,KMT2A,CD86,PRKCQ,WAS,CHRNA7,CD28,CORO1A,HSPD1,RBX1,NCK1,SMAD3,PPP3CA,LAG3,NLRC3,PPP3CB,FKBP1A,MFAP3,PIK3CG,DPP4,TNFAIP8L2,CD7,CD276,VAV1,PTPRC,CD44,ITK,RASGRP1,CD80,DCAF12,CD3G,CD8B,ADA,ZAP70,DDOST,IFNE,MDK,F2RL1,LCP1,PSEN1,IFNA8,CD1C,APBB1IP,ITGAL,CXCL12,CCL3,DEFA4,GPR183,SLC12A2,PIK3CG,DEFA1,CD86,PTPN6,CAV1,SRC,PTPN11,DPP4,SPN,LGALS1,MAP3K8,KLRK1,CD160,CD24,AKT1,CD28,CD80,PIK3CA,EFNB1,EFNB2,VAV1,CSK,MTOR,CD40LG,KDELR1,DTX1,GATA3,ITPKB,KIT,CTNNB1,IL2,FOSL2,PTPRC,ZAP70,VAV1,PPP3CB,SOX4,PTPN2,LIPA,LMBR1L,LFNG,LEPR,BCL2,GPR89A,LEP,EGR1,PKNOX1,IL7R,PIK3R1,NRARP,SP3,RAG2,GPR89B,RAG2,NKAP,STAT5B,IL2RG,IL7R,CTNNB1,RAG1,GLI3,ZFP36L2,NCAPH2,ZFP36L1,BCL2,ADAM17,PRKDC,GATA3,WNT4,RPS6,LIG4,CDK6,BRAF,B2M,JMJD6,PSMB11,TESPA1,FCER1G,XG,CD99,PPP2CA,CHST3,BCL2,SPNS2,JAK3,STAT5B,ZC3H8,NCKAP1L,PPP2R1A,RC3H1,IL7R,CORO1A,RAG1,PPP3CB,IL20RB,GPR15LG,CASP3,CCNB2,PRDX2,BAX,IL7,BCL2,RAG2,PRKDC,MYO1G,GZMM,CTSH,TAP2,PPP3CB,PRF1,EMP2,CTSC,HPRT1,IL7R,B2M,CD46,CLEC4G,JAG1,MYO1G,CR2,BTN3A2,CD70,GNL1,CR1,GPR15,MYO1G,CORO1A,FUT7,ZAP70,S1PR1,MSN,CCL20,ITGB7,PIK3CG,CD28,PSMB10,EFNB1,IL12B,CORO1A,PTPRC,FKBP1B,LIPA,PTPN6,KITLG,PPP3CB,LMBR1L,RASGRP1,IL20RB,MSN,CTPS1,TNFRSF4,IL2,IDO1,RC3H1,CD151,SCGB1A1,SPN,CCND3,PRDX2,LILRB1,SLC11A1,RPS6,GATA3,SKAP1,THEMIS2,THEMIS,CD3G,KHDRBS1,PTPRC,CACNB3,ZAP70,BTK,PDE4B,PDE4D,RC3H1,CD247,ITK,UBE2N,ABL1,NFKBID,BRAF,CRKL,PLCG2,DENND1B,MAPK1,TXK,VTCN1,PSEN1,FYB2,CTLA4,BTNL8,CD8B,BTN3A2,BCL10,CSK,CD28,BTNL10P,TEC,ZNF683,CD276,PLCG1,EIF2B2,FOSL2,PTPN6,BCAR1,BTNL9,BTNL3,BTN2A1,HLA-DRB3,PTPRJ,PIK3CA,LIG4,PRKDC,CD1D,GPR183,RC3H1,HMGB1,CEBPB,RELB,HMGB1,IL4R,SPN,STAT6,MTOR,TLR4,IL18BP,RELB,IL12B,BCL3,CCR2,RORC,RORA,IL6R,STAT3,IL6ST,JAK1,STAT3,NOTCH1,PHB1,TNFSF4,BCL6,IL4R,GATA3,MYB,MEN1,BCL3,KMT2A,PTGER4,ATP7A,IL12B,ZFPM1,ZAP70,ITPKB,GATA3,CCL20,CORO1A,ABL1,ASXL1,MAP2K1,HAND2,BCL2,MAP2K2,FOXI3,SOD1,PSEN1,CACNB4,TGFBR1,CRKL,MAPK3,EPHB3,SRF,LMO4,GATA3,PBX1,CCNB2,MAPK1,CTNNB1,RAG1,PRDX2,BRAF,TYR,LILRB4,PSG9,TNFAIP3,ACOD1,ABL1,BCL6,FCER1A,IL10,IL33,FCER1A,HMGB1,RAG2,RAG1,LIG4,HMGB2,PRKDC",ImmuneGO,860
IMMUNE SYSTEM,"NCKAP1L,THEMIS,HLA-DPB1,JUN,NFKBIA,PTPN6,TLR5,HLA-DRA,CD4,PRKCQ,PLCG1,CD247,TRBC1,FCGR1B,CCR7,TLR6,TLR10,FYB,TLR2,FCER1G,TRAT1,LILRB2,LILRB1,CLEC7A,BTLA,FYN,FGR,CD86,GRAP2,HLA-DQB1,ZAP70,PAG1,MNDA,IRAK3,LCK,DUSP6,PTPN22,PAK1,CTSH,CTLA4,LCP2,TLR4,CSK,FOS,LAT2,CARD11,HLA-DRB1,CHUK,CD24,UBASH3A,MAP2K6,TLR7,LY96,HCK,VASP,LYN,LIME1,MAPK14,MYD88,INPP5D,ITK,TRAC,SLA2,KLRK1,HLA-DMB,RPS6KA1,HLA-DQA1,MEF2C,SYK,MEF2A,TLR1,PTPRC,HLA-DOA,HLA-DOB,HLA-DMA,HLA-DPA1,CD19,CD3D,CD3E,BTK,CD3G,CD1D,CD1E,CD1B,CD1C,CD1A,CD36,HLA-DRB4,CD8A,CD74,CYP1B1,PLAUR,PTGS2,HMOX1,ASPH,RTN1,FAR2,ITPR3,AGPAT9,SLC27A2,CD53,IL10RA,ITGA4,HLA-DRB1 /// HLA-DRB4,HLA-DRB1 /// HLA-DRB4 /// HLA-DRB5,HLA-DRB1 /// HLA-DRB3 /// HLA-DRB4,HCLS1,ITGB2,GIMAP6,EVI2B,PLEK,SLA,SELL,IRF8,FGL2,ITGAL,ITGAM,AIF1,ICAM1,LAPTM5,HLA-C,HLA-B,HLA-A,HLA-G,HLA-F,HLA-E,TLR8,LOC100294224,WDFY4,LOC100294318,LOC100294317,METTL7A,HLA-DQA2",BTM,133
ANTIMICROBIAL,"FAM3A,TAC1,DEFA4,CAMP,CXCL14,CXCL12,CAMP,DEFA1,FAU,CCL20,DEFB130A,TOR2A,CXCL1,DEFA3,DEFB131A,REG1B,H2BC10,ROMO1,TAC1,NTS,CXCL2,HAMP,S100A12,DEFA4,CXCL8,CXCL9,REG3A,GNLY,RNASE3,RPS19,BPI,REG3G,RPL30,DEFB1,LGALS3,PF4V1,H2BC12L,SPAG11A,CCL1,HTN1,DEFB103A,DEFA5,DEFA6,B2M,SPAG11B,CXCL6,CXCL3,NPPB,CXCL5,XCL1,CCL8,RPL39,HTN3,S100A7,DCD,F2,FAM3A,ADM,CCL18,PRTN3,BCL3,DEFA4,LYZ,CST9LP1,CST9,SLC11A1,PRSS3,AZU1",ImmuneGO,68
ANTIVIRAL & IFN,"RNF135,PHB1,TRIM65,UBE2N,MAVS,NMB,RIGI,NMBR,IFIT1,EIF2AK2,STING1,MBL2,NCK1,IFIT2,NLRP6,MX1,PDE12,IFIT1,DAPK1,WAS,CCL5,CCL4,STXBP1,NOS2,AQP4,CCL8,STXBP4,CD47,STX4,STAT1,CLDN1,GBP6,CCL1,GBP2,CCL3,GBP1,CCL4L1,CCL3L1,ACTG1,RAB43,CCL18,CCL2,FCAR,IL12RB1,RPS6KB1,MRC1,CX3CL1,XCL1,TDGF1,TLR4,IRF8,CDC42,RPL13A,CCL20,LGALS9,STXBP3,MYO1C,ACTR2,CCL24,ACTR3,CASP1,FASLG,SIRPA,CCL7,CCL23,KIF5B,VIM,CD58,CALM1,GBP7,IL12B,WNT5A,HLA-DPA1,PDE12,ACOD1,ADAMTS13,AIF1,IFNE,STAT2,HDAC4,STAT1,IFITM1,JAK1,OAS2,TYK2,IFNAR1,IFNAR2,IFI27,TRIM65,TBKBP1,IFITM3,SP100,C9JQL5,IFITM2,IFNA8,MAVS,STAT1,IRF1,JAK1,IFNGR1,TYK2,HCK,IFNGR2,SP100,IFNGR1,IFNLR1,IL10RB,IFNL1,TYK2,IFNL4,IFNGR2,IFNL3,JAK1,IFNL2",ImmuneGO,114
ARPP,"NCKAP1L,THEMIS,HLA-DPB1,JUN,NFKBIA,PTPN6,TLR5,HLA-DRA,CD4,PRKCQ,PLCG1,CD247,TRBC1,FCGR1B,CCR7,TLR6,TLR10,FYB,TLR2,FCER1G,TRAT1,LILRB2,LILRB1,CLEC7A,BTLA,FYN,FGR,CD86,GRAP2,HLA-DQB1,ZAP70,PAG1,MNDA,IRAK3,LCK,DUSP6,PTPN22,PAK1,CTSH,CTLA4,LCP2,TLR4,CSK,FOS,LAT2,CARD11,HLA-DRB1,CHUK,CD24,UBASH3A,MAP2K6,TLR7,LY96,HCK,VASP,LYN,LIME1,MAPK14,MYD88,INPP5D,ITK,TRAC,SLA2,KLRK1,HLA-DMB,RPS6KA1,HLA-DQA1,MEF2C,SYK,MEF2A,TLR1,PTPRC,HLA-DOA,HLA-DOB,HLA-DMA,HLA-DPA1,CD19,CD3D,CD3E,BTK,CD3G,CD1D,CD1E,CD1B,CD1C,CD1A,CD36,HLA-DRB4,CD8A,CD74,CYP1B1,PLAUR,PTGS2,HMOX1,ASPH,RTN1,FAR2,ITPR3,AGPAT9,SLC27A2,CD53,IL10RA,ITGA4,HLA-DRB1 /// HLA-DRB4,HLA-DRB1 /// HLA-DRB4 /// HLA-DRB5,HLA-DRB1 /// HLA-DRB3 /// HLA-DRB4,HCLS1,ITGB2,GIMAP6,EVI2B,PLEK,SLA,SELL,IRF8,FGL2,ITGAL,ITGAM,AIF1,ICAM1,LAPTM5,HLA-C,HLA-B,HLA-A,HLA-G,HLA-F,HLA-E,TLR8,LOC100294224,WDFY4,LOC100294318,LOC100294317,METTL7A,HLA-DQA2",BTM,133
ARPP,"MBL2,LBP,CD14,MAVS,RIGI,CGAS,STING1,CCR2,CXCR2,CCR1,CXCR4,CXCR1,CCR7,HMGB1,GPR183,PIK3CG,CCL5,GPR183,F2R,ALOX5,CDC42,EPS8,DOCK8,NLRP12,TGFBR2,ITGB8,ITGB6,IL13,HAMP,CRTC3,JMJD6,FCGR3A,TMEM229B,SLC11A1,ADGRF5,TLR4,EDN2,TICAM1,IFI35,IL33,PRKCE,SYK,LBP,PLCG2,SFTPD,CCL2,LGALS3,AZU1,EDNRB,EDN2,RPL13A,CXCL17,CCL5,SAA1,CCL3,MMP2,LIPA,CSF1,ROR2,MCOLN2,BCR,CCR2,B4GALT1,AZU1,HYAL2,MT1G,CSF1,SPACA3,P0DOX3,CCL3L1,CX3CL1,IL6R,CCL3,CCL18,CCL1,CCL7,LGALS3,CTSG,XCL1,CCL5,CCL2,CCL23,FLT1,CCL4,CCL4L1,CCL24,CCR2,CCL20,RPS19,CCL8,S100A12,CCR2,JAML,SIRPA,PECAM1,MPL,CSF1,TLR4,REG3G,HSPD1,TIRAP,BTK,TICAM1,HMGB1,HLA-DRB3,CCR7,ARHGEF5,SPI1,BATF2,TGFBR2,NOTCH2,LTBR,PSEN1,RELB,RBPJ,NFKBIA,TLR4,XIAP,TLR4,LACC1,IRGM,XIAP,NFKBIA,RELA,MAP2K6,TNFAIP3,CASP1,LACC1,CGAS,STING1,LAG3,ZBTB46,IRF8,HCK,RNF135,PHB1,RIGI,LSM14A,SYK,PLCG2,KLRC1,EP300,CLEC6A,KLRC2,KLRC3,SRC,KLRK1,TIRAP,PIK3AP1,TNIP2,TNIP2,SCIMP,TICAM1,TLR4,CD14,NAGLU,PIK3AP1,NFKBIA,SCIMP,TIRAP,RELA,PIK3AP1,SCIMP,TNIP2,PIK3AP1,AP3B1,TLR4,FOSL1,RPS6KA3,MAPKAPK2,PLCG2,BCL10,TICAM1,CTSS,SCIMP,PRKCE,TICAM2,RAB11FIP2,TICAM2,TICAM1,TLR4,CD40",ImmuneGO,182
B CELL,"TNFSF13,LIF,HHEX,CEBPE,CBFA2T3,LTA,SPI1,TLR4,CCR7,LYN,TNF,STAP1,BLK,CD72,TSPAN13,BCL11A,C13orf18,KIAA0125,CD200,CD79B,VPREB3,CD79A,P2RX5,BTLA,AFF3,PPAPDC1B,IGHM,LOC90925,FCRLA,SPIB,FAM129C,ABCB4,LOC100130458,FCRL1,BANK1,MS4A1,FCRL5,TCF4,KLHL14,CXCR5,PCDH9,RALGPS2,CD22,TCL1A,CD24,IGH@,IGKV3-20,IGHD,MACROD2,EBF1,PNOC,ADAM28,LOC283663,CR2,PAX5,E2F5,PLEKHG1,FCER2,PKIG,FCRL2,IGLJ3,HLA-DOB,PTPRK,CD19,IGHA1,LOC642838,LOC642424,IGK@,TPD52,CDK14,BLNK,SP140,FCGR2B,CELSR1,DENND5B,PAWR,CD180,LOC100130100,POU2AF1,FAM30A,KLF8,LOC652493,IGKC,MEF2C,LOC284749,FCRL3,TBC1D9,ALOX5,CD69,FAIM3,IGLV1-44,IGL@,HLA-DOA,HLA-DQA1,BTK,CPNE5,CIITA,TLR10,IGHG1,GPR18,LY9,CD37,INPP5D,SYK,PIK3CD,VAV1,PLCG2,PIK3R5,PIK3R3,RAC2,PTPN6,JAM3,NEDD4,GAB2,BCL2,DUSP6,NR3C2,NRXN3,LY86,ICOSLG,HBEGF,LOC144481,NR4A1,GAB1,DLL1,LOC100288911,NR4A3,FAM150B,BCL11B,VPREB1,SSPN,AVPR1A,KCNE4,HEPACAM2,GYPA,SEMA4B,EGF,GPR37,C11orf87,USH2A,PPP1R3A,OR12D3,POPDC3,DCC,SLC12A1,GP5,CDH5,SLITRK6,HLA-DPB1,PCDHA3,TRHDE,GHR,TAS2R13,FLRT2,TPTE,TMEM100,GYPE,PLD4,ADAM7,KCNMB3,GPR6,CSPG4,SYT2,ROBO2,FREM2,TRPC1,GPR116,TMEM47,SCN3A,NPY1R,LPPR4,NOX4,PDZK1IP1,CCR9,GABBR1,EDNRB,GJC1,LHCGR,PCDHB8,NT5E,PDPN,PCDHB4,CLDN8,LRRTM4,HRH4,NMBR,NCAM2,GRM5,TM4SF20,IL5RA,JAM2,IL28RA,MC3R,F2RL3,ASTN1,MOGAT2,SLC26A7,SLC24A1,TACR3,IL13RA2,IMPG2,LRRC19,TMEFF2,ITM2C,PCDH10,BTC,GPR98,AGTR1,TMEM133,UGT2A3,OR11A1,CSMD1,TRPC7,CCR6,GABRA5,PLP1,CLCA4,CNR1,EPHA3,SLC30A10,SGCE,CHRNB4,PCDHB10,PCDHB16,PCDHB15,PCDHB14,CADM2,GPR85,SLC6A15,GPR87,NLGN1,SLC13A1,OR1E1,GABRB1,CXADR,TAAR2,HHLA2,SLC17A6,CNTNAP3,SLC6A16,HLA-DPA1,ABCA8,CD52,OR2J2,CHL1,TMEM156,SLC5A7,OR2W1,LPHN3,LPHN2,HLA-DRA,LRP1B,PCDH20,KCND2,SLC44A5,ITGB6,NLGN4Y,CHRM2,PTH2R,HEPH,BAI3,PTPRR,SELE,FAM26F,SCN1A,HTR1E,HLA-DMA,LGR4,TRHR,GHSR,P2RY14,SLC38A11,C4orf34,CXCR4,TMEM56,KCNJ16,SLC26A3,MUC15,OR1G1,TAS2R7,HVCN1,GABRE,CLDN17,SORCS3,TNFRSF17,LINGO1,NKAIN4,TAS2R10,GRAMD1C,TNFRSF13B,ADAM2,GLP2R",BTM,292
B CELL,"TICAM1,BANK1,CXCR5,TBC1D10C,CD79A,CHRNA4,CD40,GAPT,PHB1,CHRNA7,MS4A1,LAX1,RASGRP1,HSPD1,BTK,ZAP70,CD86,CD22,CHRNB2,TXLNA,BST2,AKAP17A,EPHB2,HDAC4,GPR183,BTK,CH25H,PLCG2,PTPRC,PAX5,TOP2B,IFNA8,PIK3R1,RAG1,MSH2,RAG2,IL2RG,ADGRG3,FZD9,MS4A1,EP300,PTPRJ,YY1,STAT5B,PTPN2,LYL1,SYK,CEBPG,JAK3,CD79B,CD79A,CR2,BCL6,KIT,SP3,ZBTB7A,NFAM1,ITGA4,CD40LG,IL10,IL11,BCL2,HDAC4,TPD52,TCF3,RBPJ,FOSL2,IFNE,HHEX,FLT3,VCAM1,ADAM17,IL9,CDH17,SPNS2,BAX,BCL2,GAPT,CAMLG,MEF2C,IL7R,RC3H1,SOS2,SOS1,NCKAP1L,CASP3,BAX,RAG2,TCF3,BCL2,RAG2,PRKDC,CD40,MSH2,CD70,CD19,BAX,TICAM1,BCL2,MEF2C,CD70,TLR4,IL9,CD40,BCL6,RASGRP1,PTPRC,MS4A1,CD79A,HSPD1,CD40LG,IFNA8,IL10,ABL1,IL7,CR2,PRKCD,CTPS1,IL7R,CD38,IFNE,FOSL2,WNT3A,ABL1,CD19,TLR4,GAPT,BAX,CD79A,BTK,ABL1,BCAR1,BCL2,CTLA4,CD79B,SYK,GRB2,CD19,MEF2C,MNDA,PLCG2,PTPRC,NCKAP1L,SOS1,ITK,MAPK1,BMX,NFKBIA,PTPN6,MS4A1,TEC,CD38,NFAM1,NFKB1,BANK1,CD19,TNFAIP3,ABL1,LIMK1,VAV2,SRC,VAV1,SYK,ABL1,PRKCE,MYO1G,HCK,PTK2,PRKCD,FGR,PLPP4,FCGR2B,FCGR2B,IRF8,SPI1,PLCG2,CDH17,SPI1,IRF8,BCL3,ZP3,CD81,SPI1,PRKDC,IRF2BP2,KIT,SYVN1,WNT4,CLEC4G,YY1,IL4R,IL9R,CD19,PRKCD,MPL,FCGR2B,IL9,BCL10,FCER1G,IL2RB,CD27,CSF2RB,TCF3,PRKDC,LIG4,LIG4,MSH2,MLH1,ERCC1,CD40LG,UNG,RNF168,SANBR,MSH6,BCL6,STAT6,HSPD1,CDH17,BCL3,LFNG,NOTCH2,IL2RG,RAG2,GPR183,C17orf99,FCGR2B,ST3GAL1,PTX3,SFTPA1,LBP,C4B,MBL2,HLA-G,RAG1,RAG2,LRRC8A,GATA3,SPI1,SHLD3,SHLD1,SHLD2,UNG,MLH1,MSH2,MSH6,PMS2,MSH2,MSH6,MLH1,UNG,PMS2,MSH3,MLH1,MSH2,ABL1",ImmuneGO,255
"B CELL, PLASMA CELL","CD52,IGKV4-1,LOC652493,IGHG1,C13orf18,LOC100287723,LOC100289053,IGKC,IGKV1D-13,VPREB3,ITM2C,LOC96610,IGLV4-60,IGLV3-19,P2RX5,CPNE5,ADAM28,STAP1,ABCB4,FCRL1,FCRL2,PCDH9,CD22,IGL@,LOC91316,SPIB,IGKV3-20,IGHD,BLK,LOC100290557,IGLV2-23,IGJ,OSBPL10,CYAT1,E2F5,LOC100293440,TNFRSF17,IGLV1-44,IGLJ3,GNG7,IGLL3,MGC29506,IGLL5",BTM,43
LEUKOCYTES,"MAP3K8,IL23A,CCL5,CD83,NFKBID,FUT7,CTGF,TNF,VCAM1,ICAM1,SAMSN1,RELB,NFKB2,EBI3,BCL3,IL1RN,NFKBIA,BIRC3,PRKCD,LTB,TNIP3,CD1E,CD1B,CD1C,CD1A,CSF1R,IL1R2,CSF2RA,ANPEP,CD9,IL1R1,CD38,DDX58,IRF7,PLSCR1,C1QC,IFIH1,SERPING1,DDX60,C2,IGKC,RSAD2,CXCL2,RGL1,CD86,RIN2,SLAMF8,IL4I1,ATP1B1,PLXDC2,CSF2RB,TNFAIP6,HESX1,CCL8,MX2,DOCK4,PDGFRL,MGST1,IFNGR2,IFIT3,IFIT2,IFIT1,HLX,CCL20,ST3GAL6,RBM47,IFI27,DAPK1,PRRG4,PDGFC,PARP9,LAMP3,CXCL11,DSE,IL18,BCL2A1,FAM20C,PRKAR2B,HERC5,SIGLEC1,ATF3,CLEC10A,B3GNT5,PGD,JAG1,FCER1A,EMILIN2,CLEC5A,CA2,CTSB,ADAM9,RRAGD,TACSTD2,CTSL1,GGTA1,DAB2,CAPG,AGPAT9,TM2D2,PPAP2B,SLC7A8,KMO,CD58,LRFN4,CCRL2,CD151,ADAM12,TM7SF4,SLC36A1,PDCD1LG2,PSEN2,GPR137B,C19orf28,TMEM158,PTGFRN,SLC6A6,SPINT2,LRP11,FZD5,TSPAN33,DIRC2,ALCAM,GJB2,GPNMB,ABHD12,EMP1,TFRC,HLA-DQB1,LHFPL2,COLEC12,SUCNR1,TMEM51,TGFA,SLC38A6,ITPRIPL2,CALCRL,CLDN23,ATP1B2,GRINA,FPR3,RAMP1,TREM2,SRD5A3,SLC41A2,FAM70A,LAMP2,ABCC3,DENND1B,P2RY6,NRP1,NRP2,CXCL16,CRIM1,GPR157,OLR1,CD274,SDC2,SLCO2B1,SLC7A11,ABCA6,MSR1,ACE,AGPAT3,SLC1A3,HLA-DQA1,TNFRSF11A,SERINC5,IGSF6,TSPAN15,STAB1,IFNGR1,FZD1,CCDC90A,LPCAT2,SFXN3,ENG,MFSD1,TTYH3,TMEM144,PLXND1,SLC27A3,ITGAX,SLC26A11,PLD3,HLA-DMA,CH25H,ANTXR2,SLC31A2,TNFSF13B,LY75,CD80,TMCC3,SLCO5A1,F11R,TTYH2,ITGB8,RNF144B,SGPP2,NINJ1,CD40,IL3RA,TMEM140,KITLG,SLC43A2,IL13RA1,IFI6,LRRC32,ELOVL7,EREG,TNFSF13,MYCL1,EPB41L3,DPYSL2,RTN1,FES,LGALS3,HCK,APLP2,LGALS1,FXYD6,KCNE3,FAM198B,HSPA6,LAT2,CD33,TIMP2,CD36,TNFSF12-TNFSF13,C5AR1,MARCH1,FCGR1B,FCGR1A,SLC15A3,S100A11,MS4A7,MAFB,S100A12,CPPED1,TYROBP,FGR,PLA2G7,IRAK3,LYN,PYGL,SIRPA,FCAR,CRISPLD2,RNASE2,TBXAS1,PLBD1,HK3,FPR2,NOD2,IFI30,AQP9,IMPA2,LRP1,TMEM176A,CSF3R,RBP7,CACNA2D3,MS4A4A,HPSE,KCTD12,SMPDL3A,LST1,SYK,SECTM1,TLR2,CD163,BST1,TLR4,GLT1D1,TREM1,TLR8,FBP1,CD1D,SLC7A7,EMR2,RASSF4,LY86,PLXNB2,LILRB3,LILRB2,LILRB1,CLEC7A,QPCT,RNF130,PILRA,NFE2,TNS3,HNMT,GCA,FCN1,TFEC,VNN2,VNN3,TLR5,NCF1C,GAS2L1,GRN,BLVRB,MS4A6A,CD93,TNFAIP2,CD14,ITGAM,SIRPB1,SORT1,AIF1,BTK,NCF2,NCF1,CCR1,CD302,PTAFR,P2RY13,FCER1G,SPI1,CYP1B1,NLRP3,SCPEP1,ADAP2,S100A9,S100A8,CST3,KIAA0513,MTMR11,CSTA,RXRA,ASGR1,ASGR2,LGALS2,PRAM1,KIAA1598,CDA,SGK1,LMO2,ALDH2,FGL2,CLEC4E,CTSH,CYFIP1,MPEG1,PLAUR,NLRP12,MEGF9,APOB48R,F13A1,ALDH1A1,SERPINA1,CEBPA,KYNU,RAB32,RAB31,CEBPD,SEPX1,SIGLEC7,SULF2,MYOF,KLF4,FPR1,MNDA,FCGRT,ALOX5,NRGN,FCGR2A,CYBB,PADI2,CPVL,DMXL2,AOAH,CHST15,CFD,SLC11A1,CLEC4A,ZNF467,TYMP,SIGLEC9,LILRA6,TGFBI,LILRA5,LILRA2,LILRA3,CFP,LILRA1,RARA,FOS,FZD2,PTGS2,IL8,CXCL1,DRAM1,G0S2,SOD2,BASP1,MARCKS,FAM129A,IL1B,CEBPB,DUSP6,MAML3,IER3,GPR109B,BCL6,EMR1,AMICA1,DOCK5,CD4,LY96,ARHGEF10L,LTBR,TNFRSF1B,LRRK2,DPYD,MGAM,PTX3,LYZ,DOK3,CARD9,EVI5,MYO1F,FGD4,HHEX,HAL,DYSF,RNASE6,SLC24A4,VNN1,NAIP,RHOU,CD68,CXCR2,NACC2,SMARCD3,PADI4,TMEM176B,SAMHD1,CTSS,ACPP,F5,STEAP4,C19orf59,ACSL1,PAK1,C1orf162,MOSC1,TLR1,PID1,HLA-DMB,MPP1,MCTP1,S1PR3,SLC16A3,NFAM1,APCDD1,PECAM1,CYBRD1,HLA-DRB4,TNFSF12,CLEC12B,CLEC12A,LPPR2,MARCO,C10orf54,TMEM71,SLC46A2,KCNQ1,MBOAT7,GPER,TNFRSF10B,CCR2,AGTRAP,CECR6,IL6R,TMEM154,LRRC33,TMTC2,ABCA1,SPNS1,P2RX1,VSTM1,BRI3,TMEM55A,PYCARD,GLIPR1,PTGIR,P2RY2,SLC40A1,ANO10,PTPRE,GPR133,IL10,MMP19,IL6,LAMC2,MMP9,EDN1,SFN,LAMB3,GSN,LIN7A,MYH10,PTGS1,EHD3,PCSK6,CHI3L1,EGF,ITGA2B,MMRN1,THBS1,SPARC,SLC8A1,PDGFA,ITGB3,PROS1,TF,CLU,CXCL12,ACTN1,FKBP1B,TLR7,SNCA,SELP,NCF4,EMR3,FCGR3A,S100P,FCGR3B,TNFRSF10C,MGC31957,CYP4F3,MXD1,DGAT2,RGL4,REPS2,CXCR1,KRT23,KCNJ15,LRRC4,CREB5,CMTM2,MANSC1,FFAR2,RNF24,LRG1,ST6GALNAC2,ORM1,MME,PROK2,PFKFB4,SLC22A4,GPR97,ALPL,GNG10,CCR3,F2RL1,NPL,ARAP3,DENND3,BTNL8,FRAT2,TSPAN2,BEST1,FLJ10357,TGFBR3,KLRB1,KLRD1,TBX21,PTGDR,CD247,NLRC3,GPR56,MYBL1,ARL4C,KLRF1,STAT4,PLEKHF1,IL18RAP,RORA,EOMES,XCL2,XCL1,FGFBP2,SAMD3,CTSW,CST7,ZAP70,KLRC1,PRKCH,S1PR5,CLIC3,TRD@,GNLY,SH2D2A,FASLG,PRF1,PRKCQ,GIMAP7,GZMA,IL2RB,HOPX,ITK,GZMB,NKG7,CD96,GZMM,GZMH,KLRK1,SLAMF7,TRA@,TARP,CD7,KIR2DL2,KIR2DS4,KIR2DS5,KIR2DS2,KIR2DS3,KIR2DS1,KIR3DL1,KIR2DL5A,KIR3DL3,KIR2DL3,KIR2DL1,PVRIG,KIR2DL4,KIR3DS1,CARD11,CD244,KLRC3,PPP1R16B,RASGRP1,CCL4,CX3CR1,GPR18,TIGIT,C1orf21,GIMAP6,TRGC2,MATK,PTPN4,PDGFRB,TNFSF11,IL12RB2,TNFSF14,SLC7A5,ADRB2,ATP9A,TIE1,NCAM1,ELOVL6,PTGER2,SLCO4C1,GPR82,ENPP5,IL18R1,NCR1,DLL1,TMEM64,CD97,SYNGR3,RARRES3,KIT,ATP8B4,GPR114,HAVCR2,LRRC25,GPBAR1,SIGLEC16,SLC2A6,MS4A14",BTM,671
CELLULAR ADAPTIVE IMMUNE SYSTEM,"CD52,CD4,CD247,CD2,CCR7,BIN2,HLA-DRA,IL12RB1,TRAT1,ZAP70,TRAF3IP3,HLA-DRB1,PRKAR1B,GIMAP6,TRA@,ITK,IL2RG,TRA@ /// TRAC,CD3E,TRA@ /// TRAC /// TRAJ17 /// TRAV20,PTPRC,PRKACB,CD3D,LCK,CD3G,IL7R,KLRB1,CCL5,RASGRP1,SH2D1A,TRAV20,BCL11B,CD6,CD7,TRBC1,LEF1,NKG7,UBASH3A,PTPRCAP,TRAC,TRD@,SLA2,RORA,MAL,EOMES,XCL2,XCL1,ETS1,SAMD3,SIT1,NLRC3,SIRPG,PRKCH,ICOS,CD28,TRAJ17,NELL2,GNLY,CD27,LAT,FLT3LG,PRF1,PRKCQ,GIMAP7,GATA3,GZMA,GZMB,CD96,GZMM,GZMH,TIGIT,GZMK,ITM2A,GPR171,IL32,TARP,THEMIS,TCF7,CD5,MS4A1,PTPN22,TXK,IKZF1,CAMK4,DPP4,RHOH,CD8A,ITPR3,CD8B,CRTAM,KLRK1,IL21R,CORO1A,SLAMF7,SLAMF1,SP140,CCR5,STAT4,CXCR3,IFNG,IL18R1,PTPN7,KLF12,ATP8B2,ZMYND11,GLYR1 /// SEPT6,CHST15,LIME1,CD24,GRAP2,THEM4,LAT /// SPNS1,NOG,LRRN3,SPOCK2,FASLG,ABLIM1,BCL2,PKIA,HNRPLL,TGFB1,AES,FAM108A1,UBE2M,DEF6,H1FX,CCDC22,ACAP1,TECR,HGS,SIPA1,CLPTM1,TSC2,SH2B1,APEH,CBX4,STXBP2,BRD2,ATP5D,DGKZ,NRBP1,MAZ,GNB2,NR1H2,CNOT3,IL2RA,JUNB,FOS,FOSB,EGR1,JUN,TNF,TNFRSF4,ATF3,TNFRSF9,IL2RB,FOSL1,TNFRSF18,CXADR,LILRB4,CD40LG,LILRB2,LILRB1,TYROBP,ITGA4,VCAM1,LILRB3,IL23A,FYN,IFI30,CD37,MAPK14,ARHGDIB,LCP1,SELL,SPI1,GFI1,LPXN,LAG3,PTPN6,UNC93B1,LTB,JAK3,MGC16121,TCF4,SLC40A1,APBB1,CHI3L2,ASRGL1,PCSK5,SLC38A1,HOPX,DENND2D,TC2N,PLEKHF1,CLEC2D,FGFBP2,LBH,TRGC2,LOC439949,NPDC1,ANKH,CD320,SLC37A3,C6orf129,NDFIP2,CXCR6,TMEM106C,C12orf23,GIMAP2,F2R,TMEM200A,GPR19,TSPAN5,SV2A,GPR114,GPR15,CLDND1,SLC4A7,IL17RB",BTM,220
CELLULAR ADAPTIVE IMMUNE SYSTEM,"ABL1,STAT5B,IL2,FAS,RPS6,AKT1,CD247,CD3G,RPL22,BRAF,GLI3,ADA,ABL1,ZAP70,RHOA,CLEC4G,PTPRC,ZAP70,SYK,RHOA,BRAF,CDH26,CD81,CD83,BRAF,TOX,PRKCQ,CD28,FUT7,IL2RG,TOX,HLA-E,WDFY4,PSMB11,IRF1,TNFSF8,EOMES,TOX,BCL2,KLRC1,RAB27A,LIG4,PTPRC,RAG2,ABL1,CCR7,CRTAM,MYH9,IL15,ITK,CXADR,JAML,CD3G,CD247,SYK,STAT5B,TCF7,PTPRC,CRKL,CRK,CCL2,CD6,DOCK8,MSN,CD81,PRF1,EPHB1,TNFSF4,ITGAL,DOCK8,SNCA,ITGAM,AIF1,TRPV1,IL13,C5AR1,IFNGR1,IFNGR2,CX3CL1,CLU,MAPT,AZU1,NAGLU,CX3CR1,IL33,GRN,FANCC,NCKAP1L,SOD1,BAX,HAMP,ITPKB,THEMIS,ZAP70,GLI3,CD28,CCR7,SPN,PTPRC,ATF2,ITK,FOSL2,TOX,IL15,CCR7,THEMIS,BRAF,SRF,ZAP70,ITPKB,PTPRC,CD3G,CD28,CD86,PRKCQ,WAS,CHRNA7,CD28,CORO1A,HSPD1,RBX1,NCK1,SMAD3,PPP3CA,LAG3,NLRC3,PPP3CB,FKBP1A,MFAP3,PIK3CG,DPP4,TNFAIP8L2,CD7,CD276,VAV1,PTPRC,CD44,ITK,RASGRP1,CD80,DCAF12,CD3G,CD8B,ADA,ZAP70,DDOST,IFNE,MDK,F2RL1,LCP1,PSEN1,IFNA8,CD1C,APBB1IP,ITGAL,CXCL12,CCL3,DEFA4,GPR183,SLC12A2,PIK3CG,DEFA1,CD86,PTPN6,CAV1,SRC,PTPN11,DPP4,SPN,LGALS1,MAP3K8,KLRK1,CD160,CD24,AKT1,CD28,CD80,PIK3CA,EFNB1,EFNB2,VAV1,CSK,MTOR,CD40LG,KDELR1,DTX1,GATA3,ITPKB,KIT,CTNNB1,IL2,FOSL2,PTPRC,ZAP70,VAV1,PPP3CB,SOX4,PTPN2,LIPA,LMBR1L,LFNG,LEPR,BCL2,GPR89A,LEP,EGR1,PKNOX1,IL7R,PIK3R1,NRARP,SP3,RAG2,GPR89B,RAG2,NKAP,STAT5B,IL2RG,IL7R,CTNNB1,RAG1,GLI3,ZFP36L2,NCAPH2,ZFP36L1,BCL2,ADAM17,PRKDC,GATA3,WNT4,RPS6,LIG4,CDK6,BRAF,B2M,JMJD6,PSMB11,TESPA1,FCER1G,XG,CD99,PPP2CA,CHST3,BCL2,SPNS2,JAK3,STAT5B,ZC3H8,NCKAP1L,PPP2R1A,RC3H1,IL7R,CORO1A,RAG1,PPP3CB,IL20RB,GPR15LG,CASP3,CCNB2,PRDX2,BAX,IL7,BCL2,RAG2,PRKDC,MYO1G,GZMM,CTSH,TAP2,PPP3CB,PRF1,EMP2,CTSC,HPRT1,IL7R,B2M,CD46,CLEC4G,JAG1,MYO1G,CR2,BTN3A2,CD70,GNL1,CR1,GPR15,MYO1G,CORO1A,FUT7,ZAP70,S1PR1,MSN,CCL20,ITGB7,PIK3CG,CD28,PSMB10,EFNB1,IL12B,CORO1A,PTPRC,FKBP1B,LIPA,PTPN6,KITLG,PPP3CB,LMBR1L,RASGRP1,IL20RB,MSN,CTPS1,TNFRSF4,IL2,IDO1,RC3H1,CD151,SCGB1A1,SPN,CCND3,PRDX2,LILRB1,SLC11A1,RPS6,GATA3,SKAP1,THEMIS2,THEMIS,CD3G,KHDRBS1,PTPRC,CACNB3,ZAP70,BTK,PDE4B,PDE4D,RC3H1,CD247,ITK,UBE2N,ABL1,NFKBID,BRAF,CRKL,PLCG2,DENND1B,MAPK1,TXK,VTCN1,PSEN1,FYB2,CTLA4,BTNL8,CD8B,BTN3A2,BCL10,CSK,CD28,BTNL10P,TEC,ZNF683,CD276,PLCG1,EIF2B2,FOSL2,PTPN6,BCAR1,BTNL9,BTNL3,BTN2A1,HLA-DRB3,PTPRJ,PIK3CA,LIG4,PRKDC,CD1D,GPR183,RC3H1,HMGB1,CEBPB,RELB,HMGB1,IL4R,SPN,STAT6,MTOR,TLR4,IL18BP,RELB,IL12B,BCL3,CCR2,RORC,RORA,IL6R,STAT3,IL6ST,JAK1,STAT3,NOTCH1,PHB1,TNFSF4,BCL6,IL4R,GATA3,MYB,MEN1,BCL3,KMT2A,PTGER4,ATP7A,IL12B,ZFPM1,ZAP70,ITPKB,GATA3,CCL20,CORO1A,ABL1,ASXL1,MAP2K1,HAND2,BCL2,MAP2K2,FOXI3,SOD1,PSEN1,CACNB4,TGFBR1,CRKL,MAPK3,EPHB3,SRF,LMO4,GATA3,PBX1,CCNB2,MAPK1,CTNNB1,RAG1,PRDX2,BRAF,TYR,BCL6,FCER1A,IL10,IL33",ImmuneGO,445
COMPLEMENT,"CR1,CFH,CFI,SERPING1,C3AR1,CFD,C1QC,C1QB,C1QA,C3,CFB,C5AR1,C2,C1S,C1R,C7,A2M,PROS1,IL33,CLU",BTM,20
COMPLEMENT,"C4B,CFHR2,C7,CFH,C4A,C6,CFD,CFHR3,MASP1,CFHR1,C1S,CLU,C1R,MASP2,CFP,CFB,CFD,CR1,CFP,CFB,CR2,CFH,C7,SUSD4,C1QBP,C6,CD46,MBL2,C4BPB,C1R,CD55,C1S,NCR3LG1,CR1,C4A,C7,C4B,CR2,CLU,MASP2,MASP1,MBL2,MASP2,C5AR1,C5AR1,FPR1,GPLD1,GPR32P1,CR1,FPR2,FPR3,CR2",ImmuneGO,52
DENDRITIC CELL,"ITGAX,SIRPA,OLR1,TYROBP,CD58,C1QC,C1QB,C1QA,CD86,HLA-DQB1,LY96,TLR8,HLA-DQA1",BTM,13
DENDRITIC CELL,"ITGAX,SIRPA,OLR1,TYROBP,CD58,C1QC,C1QB,C1QA,CD86,HLA-DQB1,LY96,TLR8,HLA-DQA1,MAP3K8,IL23A,CCL5,CD83,NFKBID,FUT7,CTGF,TNF,VCAM1,ICAM1,SAMSN1,RELB,NFKB2,EBI3,BCL3,IL1RN,NFKBIA,BIRC3,PRKCD,LTB,TNIP3,CD1E,CD1B,CD1C,CD1A,CSF1R,IL1R2,CSF2RA,ANPEP,CD9,IL1R1,CD38,DDX58,IRF7,PLSCR1,IFIH1,SERPING1,DDX60,C2,IGKC,RSAD2,CXCL2,RGL1,RIN2,SLAMF8,IL4I1,ATP1B1,PLXDC2,CSF2RB,TNFAIP6,HESX1,CCL8,MX2,DOCK4,PDGFRL,MGST1,IFNGR2,IFIT3,IFIT2,IFIT1,HLX,CCL20,ST3GAL6,RBM47,IFI27,DAPK1,PRRG4,PDGFC,PARP9,LAMP3,CXCL11,DSE,IL18,BCL2A1,FAM20C,PRKAR2B,HERC5,SIGLEC1,ATF3,CLEC10A,B3GNT5,PGD,JAG1,FCER1A,EMILIN2,CLEC5A,CA2,CTSB,ADAM9,RRAGD,TACSTD2,CTSL1,GGTA1,DAB2,CAPG,AGPAT9,TM2D2,PPAP2B,SLC7A8,KMO,LRFN4,CCRL2,CD151,ADAM12,TM7SF4,SLC36A1,PDCD1LG2,PSEN2,GPR137B,C19orf28,TMEM158,PTGFRN,SLC6A6,SPINT2,LRP11,FZD5,TSPAN33,DIRC2,ALCAM,GJB2,GPNMB,ABHD12,EMP1,TFRC,LHFPL2,COLEC12,SUCNR1,TMEM51,TGFA,SLC38A6,ITPRIPL2,CALCRL,CLDN23,ATP1B2,GRINA,FPR3,RAMP1,TREM2,SRD5A3,SLC41A2,FAM70A,LAMP2,ABCC3,DENND1B,P2RY6,NRP1,NRP2,CXCL16,CRIM1,GPR157,CD274,SDC2,SLCO2B1,SLC7A11,ABCA6,MSR1,ACE,AGPAT3,SLC1A3,TNFRSF11A,SERINC5,IGSF6,TSPAN15,STAB1,IFNGR1,FZD1,CCDC90A,LPCAT2,SFXN3,ENG,MFSD1,TTYH3,TMEM144,PLXND1,SLC27A3,SLC26A11,PLD3,HLA-DMA,CH25H,ANTXR2,SLC31A2,TNFSF13B,LY75,CD80,TMCC3,SLCO5A1,F11R,TTYH2,ITGB8,RNF144B,SGPP2,NINJ1,CD40,IL3RA,TMEM140,KITLG,SLC43A2,IL13RA1,IFI6,LRRC32,ELOVL7,EREG",BTM,215
DENDRITIC CELL,"ADORA2A /// CYTSA,STAT4,CCL4,TNFAIP6,IFNG,CD80,GCH1,SERPINB9,TNF,HS3ST3B1,CCL20,IL1B,PDE4B",BTM,13
DENDRITIC CELL,"CCR2,CXCR2,CCR1,CXCR4,CXCR1,CCR7,HMGB1,GPR183,PIK3CG,CCL5,GPR183,F2R,ALOX5,CDC42,EPS8,DOCK8,NLRP12,HMGB1,HLA-DRB3,CCR7,ARHGEF5,SPI1,BATF2,TGFBR2,NOTCH2,LTBR,PSEN1,RELB,RBPJ,LAG3,ZBTB46,IRF8",ImmuneGO,32
EOSINOPHIL,"SCG2,CCL5,CCL4,CCL18,CCL3,LGALS3,CCL23,CCL1,CCL8,CCL4L1,CCL2,CCL7,CX3CL1,CCL3L1,XCL1,CCL24,VAMP2,VAMP7,CCL3,FCER1A,BTK,MPL,EPX",ImmuneGO,23
LEUKOCYTES,"ELANE,SAMD13,CAMK4,GPR109B,BANK1,DYSF,MACROD2,MS4A4A,PRRG4,ORM1,C19orf59,ERI2,LAT,PPIL4,CSRP2,MAL,CD1B,RASGRP4,MGST1,PRG2,VPREB1,VPREB3,ENG,GRAP2,NCAPD2,NCAPD3,BLM,TCN1,SLC22A4,ANPEP,SIRPB1,CD19,RETN,MBOAT2,CLEC5A,PLA2G7,CIITA,PTX3,SMC4,P2RY13,S100A8,RNF150,KIAA0513,C10orf10,MANSC1,LTF,PRAM1,SLC27A2,ACPP,F5,HMGB2,CHAF1A,CHAF1B,HLA-DRA,SULF2,CDK14,CXCR2,KLF5,DEFA4,DEFA1,JAG1,FPR2,SLC24A4,CTSG,TCL1A,C3AR1,NUP37,CA4,OGN,CMTM2,LILRA5,LILRA3,LIN7A,HNRPLL,DKFZp451A211,MARCH1,CHI3L2,CHI3L1,CYP4F2,CYP4F3,B3GNT5,ORC6L,ROPN1L,CRISPLD2,CENPL,CRISP3,BARD1,FAM69B,CCDC150,RBBP8,LY96,ACCN2,GH1,AZU1,DBF4,CD300C,LOC90925,EMR1,VANGL1,ARHGEF10L,OSCAR,MGAM,CCNE1,CEACAM1,CEACAM6,TACSTD2,BMX,PLXDC2,G0S2,JAM3,VNN2,VNN1,IGFBP7,BLVRB,GALNT6,STK32B,C15orf23,MEF2C,DTYMK,GPR97,BTK,CD72,CXorf50B,RFC2,PRKAR2B,TREM1,MCTP1,GAS2L1,NLRP3,ADAP2,RANBP1,FGD4,ACPL2,LOC81691,CLC,GXYLT2,UNG,GAB1,TM6SF1,FAM43A,LOC284757,SLC22A15,BASP1,PTK2,SVIL,LCN2,BPI,MSH2,MEGF9,F13A1,VSTM1,IQGAP3,ARAP3,RAD54B,C13orf34,RGL1,CAMP,RGL4,LOC100130458,ST3GAL6,FCGR2C,MGC5566,PADI2,EBF1,DHCR24,CLEC4D,PFKFB4,ZNF467,TUBG1,MOSC1,MMP8,MMP9,SAC3D1,FKBP14,PTGS2,AMICA1,LOC643332,CLEC14A,TXNDC3,FAM46A,PSD3,INHBA,PRTN3,FCAR,BRCA2,HAL,LRRC4,CREB5,AQP9,TMEM176A,TMEM176B,CTSS,CXCL1,PSRC1,SMPDL3A,ADCY9,RUNX2,BST1,PID1,CD3E,CD3G,CSF2RB,MARCH3,DOCK5,LARGE,TSHR,ICOSLG,QPCT,JUP,NFE2,PAX5,CORO2A,CR1,PROK2,PEX5L,PRTFDC1,LOC100289612,SH2D1A,CD177,CD7,CD2,OLFM4,CCR9,CD9,SLC8A1,GPR84,KIF16B,ABCA13,LGALS3,BCL11B,RAD51C,SLPI,LRP1,CDA,SGK1,STX11,HLA-DOA,AGPAT9,CYFIP1,CDKN2C,FCGR3A,S100P,FCGR3B,FOXO1,NLRC4,ALDH1A1,MLLT4,CHIT1,SLCO4C1,LOC728606,LPCAT2,HK3,ITGAM,ANXA3,ANXA5,NRGN,MCM7,MCM3,IL18RAP,UPP1,SAMHD1,CEBPE,OLR1,IMPA2,KCNK5,CKAP2,BCL6,KCNE3,LAT2,PKMYT1,FBP1,MS4A7,MS4A3,GSN,VSIG10,NDST3,LYZ,NAV1,LYN,MYB,PYGL,RNASE3,RNASE2,ENTPD1,RNASE6,CD22,TSPAN2,RBP7,CACNA2D3,ACSL1,TLR1,TLR7,ATP8B4,SLC19A2,GGTA1,CLEC12A,HP,GPBAR1,IL1R2,FLJ10357,BEX1,LRRK2,SCD,PCBP3,SERPINB10,TLR5,RHOU,SLC26A8,ARG1,TNFAIP6,ELOVL4,FAM105A,FAM150B,NCF4,GAS2L3,GNAI1,LGALS12,SLA2,C11orf75,DUSP6,FAM49A,EMILIN2,CTGF,CSE1L,STEAP4,MYCL1,TFF3,APOB48R,UBASH3A,RAB32,ESCO2,TRAT1,DOK3,IL1R1,NACC2,LRP12,PDGFC,KCNJ15,DACH1,LRG1,ACTN1,SLC40A1,SIGLEC9,SIGLEC5,FOLR3,ZNF608,MYO7B,CCL2,CCL1,CCL7,CCL4,CCL5,CCL8,PF4,XCL1,PPBP,CCL20,CCL23,IFNG,CXCL2,CXCL11,CXCL10,CXCL13,CXCL12,CXCL3,CCL13,CXCL5,CXCL6,CCL18,CCL19,CXCL9,IL8,ANXA1,CCR1,CCR5,DOCK2,TNF,CXCR6,ICAM1,CXCR4,HCK,IL7R,IL2RA,LIF,IL23A,IL15,CSF2,CSF3,IL6,IL10,IL15RA",BTM,391
LEUKOCYTES,"CTLA4,IL23A,CCL4,FCER2,CAMK2D,CSF3,OSM,IGHD,BLK,CD200,IL1A,KIT,CD79A,MEF2C,CD28,DTX3,GAB1,SH2D2A,ADARB1,LARGE,FAM69B,CTGF,PRKCZ,CHI3L2,CD2,CLIP4,BANK1,DHCR24,NAV1,CD19,FKBP14,PTK2,CD1B,EBF1,CD3G,CD7,GPM6B,ICOSLG,VPREB1,CD9,VPREB3,LOC100132741,PSD3,TRAT1,SAMD13,RGL1,SCD,NDST3,ELOVL4,NTRK2,LOC100130458,RNF150,UBASH3A,LRP12,ACPL2,TCL1A,GXYLT2,STK32B,ACCN2,GH1,LOC284757,ADCY9,MAL,VSIG10,OGN,FAM150B,SH2D1A,CSRP2,CD3E,HHIP,ELANE,CAMK4,GPR109B,DYSF,MACROD2,MS4A4A,PRRG4,ORM1,C19orf59,ERI2,LAT,PPIL4,RASGRP4,MGST1,PRG2,ENG,GRAP2,NCAPD2,NCAPD3,BLM,TCN1,SLC22A4,ANPEP,SIRPB1,RETN,MBOAT2,CLEC5A,PLA2G7,CIITA,PTX3,SMC4,P2RY13,S100A8,KIAA0513,C10orf10,MANSC1,LTF,PRAM1,SLC27A2,ACPP,F5,HMGB2,CHAF1A,CHAF1B,HLA-DRA,SULF2,CDK14,CXCR2,KLF5,DEFA4,DEFA1,JAG1,FPR2,SLC24A4,CTSG,C3AR1,NUP37,CA4,CMTM2,LILRA5,LILRA3,LIN7A,HNRPLL,DKFZp451A211,MARCH1,CHI3L1,CYP4F2,CYP4F3,B3GNT5,ORC6L,ROPN1L,CRISPLD2,CENPL,CRISP3,BARD1,CCDC150,RBBP8,LY96,AZU1,DBF4,CD300C,LOC90925,EMR1,VANGL1,ARHGEF10L,OSCAR,MGAM,CCNE1,CEACAM1,CEACAM6,TACSTD2,BMX,PLXDC2,G0S2,JAM3,VNN2,VNN1,IGFBP7,BLVRB,GALNT6,C15orf23,DTYMK,GPR97,BTK,CD72,CXorf50B,RFC2,PRKAR2B,TREM1,MCTP1,GAS2L1,NLRP3,ADAP2,RANBP1,FGD4,LOC81691,CLC,UNG,TM6SF1,FAM43A,SLC22A15,BASP1,SVIL,LCN2,BPI,MSH2,MEGF9,F13A1,VSTM1,IQGAP3,ARAP3,RAD54B,C13orf34,CAMP,RGL4,ST3GAL6,FCGR2C,MGC5566,PADI2,CLEC4D,PFKFB4,ZNF467,TUBG1,MOSC1,MMP8,MMP9,SAC3D1,PTGS2,AMICA1,LOC643332,CLEC14A,TXNDC3,FAM46A,INHBA,PRTN3,FCAR,BRCA2,HAL,LRRC4,CREB5,AQP9,TMEM176A,TMEM176B,CTSS,CXCL1,PSRC1,SMPDL3A,RUNX2,BST1,PID1,CSF2RB,MARCH3,DOCK5,TSHR,QPCT,JUP,NFE2,PAX5,CORO2A,CR1,PROK2,PEX5L,PRTFDC1,LOC100289612,CD177,OLFM4,CCR9,SLC8A1,GPR84,KIF16B,ABCA13,LGALS3,BCL11B,RAD51C,SLPI,LRP1,CDA,SGK1,STX11,HLA-DOA,AGPAT9,CYFIP1,CDKN2C,FCGR3A,S100P,FCGR3B,FOXO1,NLRC4,ALDH1A1,MLLT4,CHIT1,SLCO4C1,LOC728606,LPCAT2,HK3,ITGAM,ANXA3,ANXA5,NRGN,MCM7,MCM3,IL18RAP,UPP1,SAMHD1,CEBPE,OLR1,IMPA2,KCNK5,CKAP2,BCL6,KCNE3,LAT2,PKMYT1,FBP1,MS4A7,MS4A3,GSN,LYZ,LYN,MYB,PYGL,RNASE3,RNASE2,ENTPD1,RNASE6,CD22,TSPAN2,RBP7,CACNA2D3,ACSL1,TLR1,TLR7,ATP8B4,SLC19A2,GGTA1,CLEC12A,HP,GPBAR1,IL1R2,FLJ10357,BEX1,LRRK2,PCBP3,SERPINB10,TLR5,RHOU,SLC26A8,ARG1,TNFAIP6,FAM105A,NCF4,GAS2L3,GNAI1,LGALS12,SLA2,C11orf75,DUSP6,FAM49A,EMILIN2,CSE1L,STEAP4,MYCL1,TFF3,APOB48R,RAB32,ESCO2,DOK3,IL1R1,NACC2,PDGFC,KCNJ15,DACH1,LRG1,ACTN1,SLC40A1,SIGLEC9,SIGLEC5,FOLR3,ZNF608,MYO7B,TAP1,IRF7,PLSCR1,EIF2AK2,APOBEC3A,OASL,RXRA,OAS1,OAS3,RSAD2,IFIT1,SP100",BTM,382
LEUKOCYTES,"HMSD,HLA-E,TAC1,DEFA4,B2M,DEFB1,SEMG2,CAMP,DEFA1,H2BC10,DEFA3,BPI,RNASE3,RNASE4,WFDC13,CTSG,DEFA6,WFDC11,H2BC12L,RPL39,WFDC3,PI3,FAU,DEFA5,ADM,WFDC9,SPRR2A,WFDC10B,NCR3LG1,FCGR3A,FCGR1A,FAM3A,TAC1,DEFA4,CAMP,CD19,BCAR1,LAX1,CXCL14,CXCL12,CAMP,DEFA1,FAU,CCL20,DEFB130A,TOR2A,CXCL1,DEFA3,DEFB131A,REG1B,H2BC10,ROMO1,TAC1,NTS,CXCL2,HAMP,S100A12,DEFA4,CXCL8,CXCL9,REG3A,GNLY,RNASE3,RPS19,BPI,REG3G,RPL30,DEFB1,LGALS3,PF4V1,H2BC12L,SPAG11A,CCL1,HTN1,DEFB103A,DEFA5,DEFA6,B2M,SPAG11B,CXCL6,CXCL3,NPPB,CXCL5,XCL1,CCL8,RPL39,HTN3,S100A7,DCD,F2,FAM3A,ADM,CCL18,PRTN3,BCL3,DEFA4,LYZ,CST9LP1,CST9,SLC11A1,PRSS3,AZU1,ITGA1,AZU1,JAM2,FER,ITGA4,PECAM1,ASXL1,LTBR,IL6R,IFNA8,CCR2,IL7,NOTCH2,GATA3,IFNE,BMI1,CD83,CD28,ALOX5,MS4A1,BCL2,PSMB10,CCL2,TFEB,MEF2C,GPR183,BST1,TFE3,ST6GAL1,POU2F2,RBPJ,NOTCH1,HLA-C,CCL1,RAG1,CXCL14,VAV1,IL2RG,CCL20,HLA-DOB,LILRB2,CD1C,ITGB8,HLA-DPA1,CCR7,TNFSF15,CCL2,PTAFR,CEACAM8,CD1E,SCAP,C7,CX3CR1,KIR3DL1,HLA-DMA,IL12A,ETS1,CXCL6,CCR1,IL10,HLA-E,CCR2,CCL4L1,C1R,PNP,GPR183,IL1RL1,FCGR1A,XCL1,CXCL12,LAX1,CXCL1,CD1D,DPP8,TNFSF8,ENPP1,CRHR1,GTPBP1,IL3,EXOSC9,NRROS,KIR2DL1,LY86,IL18RAP,LIF,IGSF6,HAMP,CCL24,TGFBR3,SERPINB9,CEBPG,CR2,ADGRE5,CIITA,CCL4,IGF1R,IFITM2,IL1RN,CRIP1,XBP1,GPR65,TCF7,TNFSF4,S1PR4,LTB,IL15,PKHD1L1,RGS1,CCL23,CD96,IL10RB,HLA-DMB,IL7,CTSK,WAS,ACKR3,CTSS,IL13,PIK3R1,CD28,IL32,VPREB1,THBS1,CNIH1,CXCL2,FASLG,CXCR5,DEFA1,ENDOU,OPRD1,CXCR1,ZAP70,RFX1,CTSG,CCR10,GEM,PIK3CG,SP2,HLA-DRB3,MAP4K2,CCL7,CHST4,IFI6,TNFRSF1B,TYK2,TNFSF10,IL27RA,FCGR3A,IL7R,CCL3L1,KIR2DL3,CXCL3,HRH2,TRIM22,SPN,CSF3,CCL5,CXCR4,PF4V1,LTBR,BMPR1A,CXCL5,CD79B,TLR4,FAS,C6,CTLA4,FCAR,CD70,SMAD3,PRG2,FCGR2B,RAET1L,FCGR2C,CCL3,IRF8,CD80,CTSW,GBP6,CNR2,CXCR2,IL1R1,XCR1,GBP2,HLA-F,RAET1G,C5AR1,NOTCH1,IL1R2,DEFB1,CCL8,CD8B,IL9,CTSH,IFITM3,CD7,PTGER4,CD1B,CX3CL1,ITGB6,B2M,CXCR3,OSM,BMP6,KIR2DS2,OPRK1,CEBPB,AZGP1,HLA-G,HLA-DRB4,CXCL8,IL2,CD40LG,CCL18,MS4A2,CLEC4G,GZMA,IRAK1BP1,TNFRSF4,FCGRT,CTSC,CD164,CXCL9,IL4R,CD86,CFP,C1QBP,TNFSF9,PIK3R6,CYP11B1,ITGA4,ITGB7,TTLL1,PRF1,BAG6,SMAD3,BCL2,RO60,GATA3,TXK,P0DOX8,STMP1,GZMM,EIF2AK2,LILRA5,FBXO38,LGALS9,P0DOX7,LILRA3,P0DOX3,CEACAM20,THEMIS,CD55,GBP2,FGR,CLEC6A,RNF135,HK1,JAGN1,TMEM33,C6,ADSS2,IFIT2,IFITM2,CD40,BTN3A2,BPI,LILRA6,MYO1G,CD1D,TRIM23,HLA-E,LGALS3,SPIRE1,ENDOD1,CAMP,PRKDC,CFD,HLA-G,PRKCE,CASP4,C1S,SLC15A4,IFI6,HLA-F,CD81,OLR1,TEC,CFB,XRCC6,XRCC5,CD19,GBP1,CFH,ADAR,TAP1,F2RL1,HLA-DMB,ACOD1,SFTPD,CTPS1,RIGI,SARM1,TRIM26,MBL2,PSMB8,KLRC2,LCN2,RNF213,C7,PRKCQ,NMB,P0DOX4,NLRC5,S100A12,BPIFC,LILRB2,TAP2,HLA-DPA1,TRIM65,HMGB1,LAIR1,CSK,ITGAM,TREML4,PTMS,PSMA1,CSF1,USP14,APOBEC3H,FCGR2A,TAX1BP1,CD160,CLU,BCL6,P0DOX5,PELI3,HP,HEXIM1,TNFAIP8L2,OTUD7B,CD79A,CD14,SFPQ,DEFA5,PLD3,HMGB2,APOBEC3F,BTK,PRG2,KLRC1,CD177,CR1,KLRK1,RNF19B,NLRP2B,MST1R,MASP2,IDO2,C4A,PIK3CG,MAVS,HLA-DOB,CLEC10A,TIRAP,LBP,SIRT2,DAB2IP,MIF,PARP9,STING1,PSMB9,PLPP6,IL4R,IL34,IRGM,ZAP70,ADARB1,SSC5D,NLRP10,IL27,C1R,DHX9,P0DOX6,C1QBP,CD300C,SYK,CD46,CD300LB,MASP1,SUSD4,ARID5A,FCGR1A,IL31RA,NLRP9,IRF2,CD1C,GBP6,MMP3,HLA-DRB4,C4B,IRF1,C17orf99,MATR3,JAML,IL23R,IFI30,PML,GPR183,HMHB1,CD7,ITK,SLFN11,LACC1,NLRX1,IL2,OAS2,IFIT1,SLC15A3,CD1E,P0DOX2,ZNF683,TICAM2,OTUD4,HLA-DRB3,IRF9,IFITM1,ETS1,MX2,CD8B,BTLA,B2M,APOBEC3A,ARG2,CD300LD,IRF8,JAK3,RAET1L,CD247,ZC3HAV1,IFITM3,TARM1,CD3G,CX3CR1,CD86,PARP1,THEMIS2,CFP,CD8B2,MAP4K2,HCK,MCOLN2,GBP7,USP27X,NLRP6,METTL3,GP2,CD1B,EOMES,LY86,SERINC5,BST2,IL31,MX1,IRAG2,GATA3,BAG6,HLA-C,MYSM1,CTLA4,VSTM1,CD300LG,SKAP1,FCER1G,VTCN1,SRC,C4BPB,TTC4,FCGR3A,DEFA6,FGL1,TLR4,CGAS,TBKBP1,IDO1,HLA-DMA,CRTAM,DDX60,CR2,TFE3,BCL10,GSDMD,LILRA4,TNFRSF17,TFEB,ERAP2,LILRB4,MAP3K8,RAET1G,TICAM1,AXL,LAG3,CD6,LILRA2,IFI27,DCAF15,ADSS1,LAX1,IFI35,LILRB1,CD79B,BTNL8,PRDX1,PRDX2,ZNF3,SYK,IL2,SCNN1B,CX3CL1,CXCR5,CX3CR1,S1PR1,PPIA,GPR183,IL10,CX3CL1,CNR2,MT-RNR2,CORO1A,ALOX5,MDK,PTN,LBP,HCK,BAX,BCL2,CXCL6,FLT3,PRF1,DBH,PDE4B,SELL,MYH9,MSN,AIMP1,ELANE,SRC,SELP,SELE,ADORA1,ITGA3,DBH,F2RL1,SOS1,ITGB7,ADD2,ITGA6,CD34,HCK,FUT7,ELANE,CX3CL1,ADAM8,ALOX5,SELE,FUT7,SELE,VCAM1,SELL,SELP,SPN,ADD2,JAM2,ITGB7,GCNT1,ITGA4,CX3CR1,LEP,CXCR5,NKX2-3,IL7R,IL15,PDPN,RORC,RC3H1,SPNS2,LTB,NKX2-3,OTUD7B,CD160,IFNL2,IFNLR1,CSF1,PAFAH1B1,PIK3R1,NF1",ImmuneGO,698
LEUKOCYTES,"ELANE,SAMD13,CAMK4,GPR109B,BANK1,DYSF,MACROD2,MS4A4A,PRRG4,ORM1,C19orf59,ERI2,LAT,PPIL4,CSRP2,MAL,CD1B,RASGRP4,MGST1,PRG2,VPREB1,VPREB3,ENG,GRAP2,NCAPD2,NCAPD3,BLM,TCN1,SLC22A4,ANPEP,SIRPB1,CD19,RETN,MBOAT2,CLEC5A,PLA2G7,CIITA,PTX3,SMC4,P2RY13,S100A8,RNF150,KIAA0513,C10orf10,MANSC1,LTF,PRAM1,SLC27A2,ACPP,F5,HMGB2,CHAF1A,CHAF1B,HLA-DRA,SULF2,CDK14,CXCR2,KLF5,DEFA4,DEFA1,JAG1,FPR2,SLC24A4,CTSG,TCL1A,C3AR1,NUP37,CA4,OGN,CMTM2,LILRA5,LILRA3,LIN7A,HNRPLL,DKFZp451A211,MARCH1,CHI3L2,CHI3L1,CYP4F2,CYP4F3,B3GNT5,ORC6L,ROPN1L,CRISPLD2,CENPL,CRISP3,BARD1,FAM69B,CCDC150,RBBP8,LY96,ACCN2,GH1,AZU1,DBF4,CD300C,LOC90925,EMR1,VANGL1,ARHGEF10L,OSCAR,MGAM,CCNE1,CEACAM1,CEACAM6,TACSTD2,BMX,PLXDC2,G0S2,JAM3,VNN2,VNN1,IGFBP7,BLVRB,GALNT6,STK32B,C15orf23,MEF2C,DTYMK,GPR97,BTK,CD72,CXorf50B,RFC2,PRKAR2B,TREM1,MCTP1,GAS2L1,NLRP3,ADAP2,RANBP1,FGD4,ACPL2,LOC81691,CLC,GXYLT2,UNG,GAB1,TM6SF1,FAM43A,LOC284757,SLC22A15,BASP1,PTK2,SVIL,LCN2,BPI,MSH2,MEGF9,F13A1,VSTM1,IQGAP3,ARAP3,RAD54B,C13orf34,RGL1,CAMP,RGL4,LOC100130458,ST3GAL6,FCGR2C,MGC5566,PADI2,EBF1,DHCR24,CLEC4D,PFKFB4,ZNF467,TUBG1,MOSC1,MMP8,MMP9,SAC3D1,FKBP14,PTGS2,AMICA1,LOC643332,CLEC14A,TXNDC3,FAM46A,PSD3,INHBA,PRTN3,FCAR,BRCA2,HAL,LRRC4,CREB5,AQP9,TMEM176A,TMEM176B,CTSS,CXCL1,PSRC1,SMPDL3A,ADCY9,RUNX2,BST1,PID1,CD3E,CD3G,CSF2RB,MARCH3,DOCK5,LARGE,TSHR,ICOSLG,QPCT,JUP,NFE2,PAX5,CORO2A,CR1,PROK2,PEX5L,PRTFDC1,LOC100289612,SH2D1A,CD177,CD7,CD2,OLFM4,CCR9,CD9,SLC8A1,GPR84,KIF16B,ABCA13,LGALS3,BCL11B,RAD51C,SLPI,LRP1,CDA,SGK1,STX11,HLA-DOA,AGPAT9,CYFIP1,CDKN2C,FCGR3A,S100P,FCGR3B,FOXO1,NLRC4,ALDH1A1,MLLT4,CHIT1,SLCO4C1,LOC728606,LPCAT2,HK3,ITGAM,ANXA3,ANXA5,NRGN,MCM7,MCM3,IL18RAP,UPP1,SAMHD1,CEBPE,OLR1,IMPA2,KCNK5,CKAP2,BCL6,KCNE3,LAT2,PKMYT1,FBP1,MS4A7,MS4A3,GSN,VSIG10,NDST3,LYZ,NAV1,LYN,MYB,PYGL,RNASE3,RNASE2,ENTPD1,RNASE6,CD22,TSPAN2,RBP7,CACNA2D3,ACSL1,TLR1,TLR7,ATP8B4,SLC19A2,GGTA1,CLEC12A,HP,GPBAR1,IL1R2,FLJ10357,BEX1,LRRK2,SCD,PCBP3,SERPINB10,TLR5,RHOU,SLC26A8,ARG1,TNFAIP6,ELOVL4,FAM105A,FAM150B,NCF4,GAS2L3,GNAI1,LGALS12,SLA2,C11orf75,DUSP6,FAM49A,EMILIN2,CTGF,CSE1L,STEAP4,MYCL1,TFF3,APOB48R,UBASH3A,RAB32,ESCO2,TRAT1,DOK3,IL1R1,NACC2,LRP12,PDGFC,KCNJ15,DACH1,LRG1,ACTN1,SLC40A1,SIGLEC9,SIGLEC5,FOLR3,ZNF608,MYO7B,CCL2,CCL1,CCL7,CCL4,CCL5,CCL8,PF4,XCL1,PPBP,CCL20,CCL23,IFNG,CXCL2,CXCL11,CXCL10,CXCL13,CXCL12,CXCL3,CCL13,CXCL5,CXCL6,CCL18,CCL19,CXCL9,IL8,ANXA1,CCR1,CCR5,DOCK2,TNF,CXCR6,ICAM1,CXCR4,HCK,IL7R,IL2RA,LIF,IL23A,IL15,CSF2,CSF3,IL6,IL10,IL15RA,TAP1,IRF7,PLSCR1,EIF2AK2,APOBEC3A,OASL,RXRA,OAS1,OAS3,RSAD2,IFIT1,SP100,DDX58,ZBP1,NFKBIA,AIM2,PYCARD,IL1B,FCGR1A /// FCGR1C,HSPA6,TLR6,C5AR1,FCGR1B,LILRB3,LILRB1,PILRA,TYROBP,FGR,IRAK3,MYD88,NPL,FPR1,ALOX5,FES,CSF3R,LILRB2,ITGAX,KCNJ2,WDFY3,TLR2,TLR4,LILRA6,TLR8,PADI4,TNFSF13B,ASGR1,ASGR2,PCTP,AP1S2,TBXAS1,DHX58,TRIM25,IFIH1,ISG15,KYNU,IFI35,LY86,THBS1,PSMB8,EREG,BST2,USP18,RIPK2,AIF1,CXCL16,PSMB10,CASP1,IFIT2,SBNO2,MAP3K8,FN1,CD83,PDGFRA,TNFAIP3,SERPING1,TF,COL3A1,NFKB2,A2M,BCL3,CCRL2,CCL3 /// CCL3L1 /// CCL3L3,IL1A,C3,ZNF423,TIMP2,SOCS2,MAPK14,CISH,CCR7,TRIB1,TRAF1,ADORA2A /// CYTSA,BCL2A1,GCH1,HS3ST3B1,NFKB1,SLAMF7,DUSP1,PDE4B",BTM,491
HUMORAL ADAPTIVE IMMUNE SYSTEM,"TNFSF13,LIF,HHEX,CEBPE,CBFA2T3,LTA,SPI1,TLR4,CCR7,LYN,TNF,STAP1,BLK,CD72,TSPAN13,BCL11A,C13orf18,KIAA0125,CD200,CD79B,VPREB3,CD79A,P2RX5,BTLA,AFF3,PPAPDC1B,IGHM,LOC90925,FCRLA,SPIB,FAM129C,ABCB4,LOC100130458,FCRL1,BANK1,MS4A1,FCRL5,TCF4,KLHL14,CXCR5,PCDH9,RALGPS2,CD22,TCL1A,CD24,IGH@,IGKV3-20,IGHD,MACROD2,EBF1,PNOC,ADAM28,LOC283663,CR2,PAX5,E2F5,PLEKHG1,FCER2,PKIG,FCRL2,IGLJ3,HLA-DOB,PTPRK,CD19,IGHA1,LOC642838,LOC642424,IGK@,TPD52,CDK14,BLNK,SP140,FCGR2B,CELSR1,DENND5B,PAWR,CD180,LOC100130100,POU2AF1,FAM30A,KLF8,LOC652493,IGKC,MEF2C,LOC284749,FCRL3,TBC1D9,ALOX5,CD69,FAIM3,IGLV1-44,IGL@,HLA-DOA,HLA-DQA1,BTK,CPNE5,CIITA,TLR10,IGHG1,GPR18,LY9,CD37,INPP5D,SYK,PIK3CD,VAV1,PLCG2,PIK3R5,PIK3R3,RAC2,PTPN6,JAM3,NEDD4,GAB2,BCL2,DUSP6,NR3C2,NRXN3,LY86,ICOSLG,HBEGF,LOC144481,NR4A1,GAB1,DLL1,LOC100288911,NR4A3,FAM150B,BCL11B,VPREB1,CD52,IGKV4-1,LOC100287723,LOC100289053,IGKV1D-13,ITM2C,LOC96610,IGLV4-60,IGLV3-19,LOC91316,LOC100290557,IGLV2-23,IGJ,OSBPL10,CYAT1,LOC100293440,TNFRSF17,GNG7,IGLL3,MGC29506,IGLL5,TXNDC5,DERL3,MUTED,CD27,IGHV3-48,IGKV1-5,SSPN,AVPR1A,KCNE4,HEPACAM2,GYPA,SEMA4B,EGF,GPR37,C11orf87,USH2A,PPP1R3A,OR12D3,POPDC3,DCC,SLC12A1,GP5,CDH5,SLITRK6,HLA-DPB1,PCDHA3,TRHDE,GHR,TAS2R13,FLRT2,TPTE,TMEM100,GYPE,PLD4,ADAM7,KCNMB3,GPR6,CSPG4,SYT2,ROBO2,FREM2,TRPC1,GPR116,TMEM47,SCN3A,NPY1R,LPPR4,NOX4,PDZK1IP1,CCR9,GABBR1,EDNRB,GJC1,LHCGR,PCDHB8,NT5E,PDPN,PCDHB4,CLDN8,LRRTM4,HRH4,NMBR,NCAM2,GRM5,TM4SF20,IL5RA,JAM2,IL28RA,MC3R,F2RL3,ASTN1,MOGAT2,SLC26A7,SLC24A1,TACR3,IL13RA2,IMPG2,LRRC19,TMEFF2,PCDH10,BTC,GPR98,AGTR1,TMEM133,UGT2A3,OR11A1,CSMD1,TRPC7,CCR6,GABRA5,PLP1,CLCA4,CNR1,EPHA3,SLC30A10,SGCE,CHRNB4,PCDHB10,PCDHB16,PCDHB15,PCDHB14,CADM2,GPR85,SLC6A15,GPR87,NLGN1,SLC13A1,OR1E1,GABRB1,CXADR,TAAR2,HHLA2,SLC17A6,CNTNAP3,SLC6A16,HLA-DPA1,ABCA8,OR2J2,CHL1,TMEM156,SLC5A7,OR2W1,LPHN3,LPHN2,HLA-DRA,LRP1B,PCDH20,KCND2,SLC44A5,ITGB6,NLGN4Y,CHRM2,PTH2R,HEPH,BAI3,PTPRR,SELE,FAM26F,SCN1A,HTR1E,HLA-DMA,PPAP2C,KCNG2,SLC5A4,CAV1,TEK,TMEM37,GP1BB,SLC16A14,ICAM2,SLC44A1,CCR10,CHRM1,CLPTM1L,KCNN3,HM13,GPR25,KCNH1,TXNDC15,SDC1,DRD4,KRTCAP2,TRAM2,SCARB2,AMIGO3,LGR4,TRHR,GHSR,P2RY14,SLC38A11,C4orf34,CXCR4,TMEM56,KCNJ16,SLC26A3,MUC15,OR1G1,TAS2R7,HVCN1,GABRE,CLDN17,SORCS3,LINGO1,NKAIN4,TAS2R10,GRAMD1C,TNFRSF13B,ADAM2,GLP2R",BTM,340
HUMORAL ADAPTIVE IMMUNE SYSTEM,"HLA-E,TAC1,DEFA4,B2M,DEFB1,SEMG2,CAMP,DEFA1,H2BC10,DEFA3,BPI,RNASE3,RNASE4,WFDC13,CTSG,DEFA6,WFDC11,H2BC12L,RPL39,WFDC3,PI3,FAU,DEFA5,ADM,WFDC9,SPRR2A,WFDC10B,NCR3LG1,FAM3A,TAC1,DEFA4,CAMP,CXCL14,CXCL12,CAMP,DEFA1,FAU,CCL20,DEFB130A,TOR2A,CXCL1,DEFA3,DEFB131A,REG1B,H2BC10,ROMO1,TAC1,NTS,CXCL2,HAMP,S100A12,DEFA4,CXCL8,CXCL9,REG3A,GNLY,RNASE3,RPS19,BPI,REG3G,RPL30,DEFB1,LGALS3,PF4V1,H2BC12L,SPAG11A,CCL1,HTN1,DEFB103A,DEFA5,DEFA6,B2M,SPAG11B,CXCL6,CXCL3,NPPB,CXCL5,XCL1,CCL8,RPL39,HTN3,S100A7,DCD,F2,FAM3A,ADM,CCL18,PRTN3,BCL3,DEFA4,LYZ,CST9LP1,CST9,SLC11A1,PRSS3,AZU1,TICAM1,BANK1,CXCR5,TBC1D10C,CD79A,CHRNA4,CD40,GAPT,PHB1,CHRNA7,MS4A1,LAX1,RASGRP1,HSPD1,BTK,ZAP70,CD86,CD22,CHRNB2,TXLNA,BST2,AKAP17A,EPHB2,HDAC4,GPR183,BTK,CH25H,PLCG2,PTPRC,PAX5,TOP2B,IFNA8,PIK3R1,RAG1,MSH2,RAG2,IL2RG,ADGRG3,FZD9,MS4A1,EP300,PTPRJ,YY1,STAT5B,PTPN2,LYL1,SYK,CEBPG,JAK3,CD79B,CD79A,CR2,BCL6,KIT,SP3,ZBTB7A,NFAM1,ITGA4,CD40LG,IL10,IL11,BCL2,HDAC4,TPD52,TCF3,RBPJ,FOSL2,IFNE,HHEX,FLT3,VCAM1,ADAM17,IL9,CDH17,SPNS2,BAX,BCL2,GAPT,CAMLG,MEF2C,IL7R,RC3H1,SOS2,SOS1,NCKAP1L,CASP3,BAX,RAG2,TCF3,BCL2,RAG2,PRKDC,CD40,MSH2,CD70,CD19,BAX,TICAM1,BCL2,MEF2C,CD70,TLR4,IL9,CD40,BCL6,RASGRP1,PTPRC,MS4A1,CD79A,HSPD1,CD40LG,IFNA8,IL10,ABL1,IL7,CR2,PRKCD,CTPS1,IL7R,CD38,IFNE,FOSL2,WNT3A,ABL1,CD19,TLR4,GAPT,BAX,CD79A,BTK,ABL1,BCAR1,BCL2,CTLA4,CD79B,SYK,GRB2,CD19,MEF2C,MNDA,PLCG2,PTPRC,NCKAP1L,SOS1,ITK,MAPK1,BMX,NFKBIA,PTPN6,MS4A1,TEC,CD38,NFAM1,NFKB1,BANK1,CD19,TNFAIP3,ABL1,LIMK1,VAV2,SRC,VAV1,SYK,ABL1,PRKCE,MYO1G,HCK,PTK2,PRKCD,FGR,PLPP4,FCGR2B,FCGR2B,IRF8,SPI1,PLCG2,CDH17,SPI1,IRF8,IFNA8,CCR2,IL7,NOTCH2,GATA3,IFNE,BMI1,CD83,CD28,ALOX5,MS4A1,BCL2,PSMB10,CCL2,TFEB,MEF2C,GPR183,BST1,TFE3,ST6GAL1,POU2F2,RBPJ,NOTCH1,BCL3,ZP3,CD81,SPI1,PRKDC,IRF2BP2,KIT,SYVN1,WNT4,CLEC4G,YY1,IL4R,IL9R,CD19,PRKCD,MPL,FCGR2B,IL9,BCL10,FCER1G,IL2RB,CD27,CSF2RB,TCF3,PRKDC,LIG4,LIG4,MSH2,MLH1,ERCC1,CD40LG,UNG,RNF168,SANBR,MSH6,BCL6,STAT6,HSPD1,CDH17,BCL3,LFNG,NOTCH2,IL2RG,RAG2,GPR183,C17orf99,FCGR2B,ST3GAL1,PTX3,SFTPA1,LBP,C4B,MBL2,HLA-G,BCL6,LGALS1,RAG1,RAG2,LRRC8A,GATA3,SPI1,SHLD3,SHLD1,SHLD2,UNG,MLH1,MSH2,MSH6,PMS2,MSH2,MSH6,MLH1,UNG,PMS2,MSH3,MLH1,MSH2,HOXB4,NKX2-5,BCL3,LIPA,EPB42,ADAM17,CDKN2B,PBX1,NKX3-2,RC3H1,NFKB2,NKX2-3,CDH17,ABL1,CACNB4,BCL2,KMT2A,ABL1,FCER1A",ImmuneGO,394
IMMUNOGLOBULIN MEDIATED RESPONSE,"TICAM1,BANK1,CXCR5,TBC1D10C,CD79A,CHRNA4,CD40,GAPT,PHB1,CHRNA7,MS4A1,LAX1,RASGRP1,HSPD1,BTK,ZAP70,CD86,CD22,CHRNB2,TXLNA,BST2,AKAP17A,EPHB2,HDAC4,GPR183,BTK,CH25H,PLCG2,PTPRC,PAX5,TOP2B,IFNA8,PIK3R1,RAG1,MSH2,RAG2,IL2RG,ADGRG3,FZD9,MS4A1,EP300,PTPRJ,YY1,STAT5B,PTPN2,LYL1,SYK,CEBPG,JAK3,CD79B,CD79A,CR2,BCL6,KIT,SP3,ZBTB7A,NFAM1,ITGA4,CD40LG,IL10,IL11,BCL2,HDAC4,TPD52,TCF3,RBPJ,FOSL2,IFNE,HHEX,FLT3,VCAM1,ADAM17,IL9,CDH17,SPNS2,BAX,BCL2,GAPT,CAMLG,MEF2C,IL7R,RC3H1,SOS2,SOS1,NCKAP1L,CASP3,BAX,RAG2,TCF3,BCL2,RAG2,PRKDC,CD40,MSH2,CD70,CD19,BAX,TICAM1,BCL2,MEF2C,CD70,TLR4,IL9,CD40,BCL6,RASGRP1,PTPRC,MS4A1,CD79A,HSPD1,CD40LG,IFNA8,IL10,ABL1,IL7,CR2,PRKCD,CTPS1,IL7R,CD38,IFNE,FOSL2,WNT3A,ABL1,CD19,TLR4,GAPT,BAX,CD79A,BTK,ABL1,BCAR1,BCL2,CTLA4,CD79B,SYK,GRB2,CD19,MEF2C,MNDA,PLCG2,PTPRC,NCKAP1L,SOS1,ITK,MAPK1,BMX,NFKBIA,PTPN6,MS4A1,TEC,CD38,NFAM1,NFKB1,BANK1,CD19,TNFAIP3,ABL1,LIMK1,VAV2,SRC,VAV1,SYK,ABL1,PRKCE,MYO1G,HCK,PTK2,PRKCD,FGR,PLPP4,FCGR2B,FCGR2B,IRF8,SPI1,PLCG2,CDH17,SPI1,IRF8,BCL3,ZP3,CD81,SPI1,PRKDC,IRF2BP2,KIT,SYVN1,WNT4,CLEC4G,YY1,IL4R,IL9R,CD19,PRKCD,MPL,FCGR2B,IL9,BCL10,FCER1G,IL2RB,CD27,CSF2RB,TCF3,PRKDC,LIG4,LIG4,MSH2,MLH1,ERCC1,CD40LG,UNG,RNF168,SANBR,MSH6,BCL6,STAT6,HSPD1,CDH17,BCL3,LFNG,NOTCH2,IL2RG,RAG2,GPR183,C17orf99,FCGR2B,ST3GAL1,PTX3,SFTPA1,LBP,C4B,MBL2,HLA-G,RAG1,RAG2,LRRC8A,GATA3,SPI1,SHLD3,SHLD1,SHLD2,UNG,MLH1,MSH2,MSH6,PMS2,MSH2,MSH6,MLH1,UNG,PMS2,MSH3,MLH1,MSH2,ABL1",ImmuneGO,255
INFLAMMATION,"TBC1D8,TNFSF13,FCER1G,STAB1,TYROBP,GPX1,CARD9,ARRB2,TLR4,APOB48R,AIF1,NLRP3,NFKBIA,BIRC3,BIRC2,TNFAIP3,RXRA,RIPK2,NOD2,NLRC4,PAK1,ADORA2A /// CYTSA,STAT4,CCL4,TNFAIP6,IFNG,CD80,GCH1,SERPINB9,TNF,HS3ST3B1,CCL20,IL1B,PDE4B",BTM,34
INFLAMMATION,"TBC1D8,TNFSF13,FCER1G,STAB1,TYROBP,GPX1,CARD9,ARRB2,TLR4,APOB48R,AIF1,NLRP3,NFKBIA,BIRC3,BIRC2,TNFAIP3,RXRA,RIPK2,NOD2,NLRC4,PAK1",BTM,21
INFLAMMATION,"NLRP6,ELANE,IL31RA,CD6,CXCR2,IL10,NOTCH1,PNMA1,IL20RB,HMGB2,FOSL2,IL5RA,IL1RN,HMGB1,NOTCH2,RBPJ,RASGRP1,CD68,SIRT2,NLRP6,PRDX2,LIPA",ImmuneGO,22
INNATE IMMUNE SYSTEM,"NCKAP1L,THEMIS,HLA-DPB1,JUN,NFKBIA,PTPN6,TLR5,HLA-DRA,CD4,PRKCQ,PLCG1,CD247,TRBC1,FCGR1B,CCR7,TLR6,TLR10,FYB,TLR2,FCER1G,TRAT1,LILRB2,LILRB1,CLEC7A,BTLA,FYN,FGR,CD86,GRAP2,HLA-DQB1,ZAP70,PAG1,MNDA,IRAK3,LCK,DUSP6,PTPN22,PAK1,CTSH,CTLA4,LCP2,TLR4,CSK,FOS,LAT2,CARD11,HLA-DRB1,CHUK,CD24,UBASH3A,MAP2K6,TLR7,LY96,HCK,VASP,LYN,LIME1,MAPK14,MYD88,INPP5D,ITK,TRAC,SLA2,KLRK1,HLA-DMB,RPS6KA1,HLA-DQA1,MEF2C,SYK,MEF2A,TLR1,PTPRC,HLA-DOA,HLA-DOB,HLA-DMA,HLA-DPA1,CD19,CD3D,CD3E,BTK,CD3G,CD1D,CD1E,CD1B,CD1C,CD1A,CD36,HLA-DRB4,CD8A,CD74,CYP1B1,PLAUR,PTGS2,HMOX1,ASPH,RTN1,FAR2,ITPR3,AGPAT9,SLC27A2,CD53,IL10RA,ITGA4,HLA-DRB1 /// HLA-DRB4,HLA-DRB1 /// HLA-DRB4 /// HLA-DRB5,HLA-DRB1 /// HLA-DRB3 /// HLA-DRB4,HCLS1,ITGB2,GIMAP6,EVI2B,PLEK,SLA,SELL,IRF8,FGL2,ITGAL,ITGAM,AIF1,ICAM1,LAPTM5,HLA-C,HLA-B,HLA-A,HLA-G,HLA-F,HLA-E,TLR8,LOC100294224,WDFY4,LOC100294318,LOC100294317,METTL7A,HLA-DQA2,ITGAX,SIRPA,OLR1,TYROBP,CD58,C1QC,C1QB,C1QA,MAP3K8,IL23A,CCL5,CD83,NFKBID,FUT7,CTGF,TNF,VCAM1,SAMSN1,RELB,NFKB2,EBI3,BCL3,IL1RN,BIRC3,PRKCD,LTB,TNIP3,CSF1R,IL1R2,CSF2RA,ANPEP,CD9,IL1R1,CD38,DDX58,IRF7,PLSCR1,IFIH1,SERPING1,DDX60,C2,IGKC,RSAD2,CXCL2,RGL1,RIN2,SLAMF8,IL4I1,ATP1B1,PLXDC2,CSF2RB,TNFAIP6,HESX1,CCL8,MX2,DOCK4,PDGFRL,MGST1,IFNGR2,IFIT3,IFIT2,IFIT1,HLX,CCL20,ST3GAL6,RBM47,IFI27,DAPK1,PRRG4,PDGFC,PARP9,LAMP3,CXCL11,DSE,IL18,BCL2A1,FAM20C,PRKAR2B,HERC5,SIGLEC1,ATF3,CLEC10A,B3GNT5,PGD,JAG1,FCER1A,EMILIN2,CLEC5A,CA2,CTSB,ADAM9,RRAGD,TACSTD2,CTSL1,GGTA1,DAB2,CAPG,TM2D2,PPAP2B,SLC7A8,KMO,LRFN4,CCRL2,CD151,ADAM12,TM7SF4,SLC36A1,PDCD1LG2,PSEN2,GPR137B,C19orf28,TMEM158,PTGFRN,SLC6A6,SPINT2,LRP11,FZD5,TSPAN33,DIRC2,ALCAM,GJB2,GPNMB,ABHD12,EMP1,TFRC,LHFPL2,COLEC12,SUCNR1,TMEM51,TGFA,SLC38A6,ITPRIPL2,CALCRL,CLDN23,ATP1B2,GRINA,FPR3,RAMP1,TREM2,SRD5A3,SLC41A2,FAM70A,LAMP2,ABCC3,DENND1B,P2RY6,NRP1,NRP2,CXCL16,CRIM1,GPR157,CD274,SDC2,SLCO2B1,SLC7A11,ABCA6,MSR1,ACE,AGPAT3,SLC1A3,TNFRSF11A,SERINC5,IGSF6,TSPAN15,STAB1,IFNGR1,FZD1,CCDC90A,LPCAT2,SFXN3,ENG,MFSD1,TTYH3,TMEM144,PLXND1,SLC27A3,SLC26A11,PLD3,CH25H,ANTXR2,SLC31A2,TNFSF13B,LY75,CD80,TMCC3,SLCO5A1,F11R,TTYH2,ITGB8,RNF144B,SGPP2,NINJ1,CD40,IL3RA,TMEM140,KITLG,SLC43A2,IL13RA1,IFI6,LRRC32,ELOVL7,EREG,TAP1,EIF2AK2,APOBEC3A,OASL,RXRA,OAS1,OAS3,SP100,TBC1D8,TNFSF13,GPX1,CARD9,ARRB2,APOB48R,NLRP3,BIRC2,TNFAIP3,RIPK2,NOD2,NLRC4,ADORA2A /// CYTSA,STAT4,CCL4,IFNG,GCH1,SERPINB9,HS3ST3B1,IL1B,PDE4B,ELANE,RARA,DHX58,PTX3,PML,ANXA3,CXCL10,STAT1,IFITM1,USP18,LHCGR,COL8A1,IMPG2,ITGB4,MMP12,TNR,IFNA7,IFNA4,SFN,LAMC2,ST14,ADAMTS20,FGF5,IFNA10,IFNA16,IFNA14,FAM123A,IFNA8,IFNA2,IFNA5,IFNA21,PRL,MYCL1,EPB41L3,DPYSL2,FES,LGALS3,APLP2,LGALS1,FXYD6,KCNE3,FAM198B,HSPA6,CD33,TIMP2,TNFSF12-TNFSF13,C5AR1,MARCH1,FCGR1A,SLC15A3,S100A11,MS4A7,MAFB,S100A12,CPPED1,PLA2G7,PYGL,FCAR,CRISPLD2,RNASE2,TBXAS1,PLBD1,HK3,FPR2,IFI30,AQP9,IMPA2,LRP1,TMEM176A,CSF3R,RBP7,CACNA2D3,MS4A4A,HPSE,KCTD12,SMPDL3A,LST1,SECTM1,CD163,BST1,GLT1D1,TREM1,FBP1,SLC7A7,EMR2,RASSF4,LY86,PLXNB2,LILRB3,QPCT,RNF130,PILRA,NFE2,TNS3,HNMT,GCA,FCN1,TFEC,VNN2,VNN3,NCF1C,GAS2L1,GRN,BLVRB,MS4A6A,CD93,TNFAIP2,CD14,SIRPB1,SORT1,NCF2,NCF1,CCR1,CD302,PTAFR,P2RY13,SPI1,SCPEP1,ADAP2,S100A9,S100A8,CST3,KIAA0513,MTMR11,CSTA,ASGR1,ASGR2,LGALS2,PRAM1,KIAA1598,CDA,SGK1,LMO2,ALDH2,CLEC4E,CYFIP1,MPEG1,NLRP12,MEGF9,F13A1,ALDH1A1,SERPINA1,CEBPA,KYNU,RAB32,RAB31,CEBPD,SEPX1,SIGLEC7,SULF2,MYOF,KLF4,FPR1,FCGRT,ALOX5,NRGN,FCGR2A,CYBB,PADI2,CPVL,DMXL2,AOAH,CHST15,CFD,SLC11A1,CLEC4A,ZNF467,TYMP,SIGLEC9,LILRA6,TGFBI,LILRA5,LILRA2,LILRA3,CFP,LILRA1,FZD2,IL8,CXCL1,DRAM1,G0S2,SOD2,BASP1,MARCKS,FAM129A,CEBPB,MAML3,IER3,GPR109B,BCL6,EMR1,AMICA1,DOCK5,ARHGEF10L,LTBR,TNFRSF1B,LRRK2,DPYD,MGAM,LYZ,DOK3,EVI5,MYO1F,FGD4,HHEX,HAL,DYSF,RNASE6,SLC24A4,VNN1,NAIP,RHOU,CD68,CXCR2,NACC2,SMARCD3,PADI4,TMEM176B,SAMHD1,CTSS,ACPP,F5,STEAP4,C19orf59,ACSL1,C1orf162,MOSC1,PID1,MPP1,MCTP1,S1PR3,SLC16A3,NFAM1,APCDD1,PECAM1,CYBRD1,TNFSF12,CLEC12B,CLEC12A,LPPR2,MARCO,C10orf54,TMEM71,SLC46A2,KCNQ1,MBOAT7,GPER,TNFRSF10B,CCR2,AGTRAP,CECR6,IL6R,TMEM154,LRRC33,TMTC2,ABCA1,SPNS1,P2RX1,VSTM1,BRI3,TMEM55A,PYCARD,GLIPR1,PTGIR,P2RY2,SLC40A1,ANO10,PTPRE,GPR133,IL10,MMP19,IL6,MMP9,EDN1,LAMB3,GSN,LIN7A,MYH10,PTGS1,EHD3,PCSK6,CHI3L1,EGF,ITGA2B,MMRN1,THBS1,SPARC,SLC8A1,PDGFA,ITGB3,PROS1,TF,CLU,CXCL12,ACTN1,FKBP1B,SNCA,SELP,NCF4,EMR3,FCGR3A,S100P,FCGR3B,TNFRSF10C,MGC31957,CYP4F3,MXD1,DGAT2,RGL4,REPS2,CXCR1,KRT23,KCNJ15,LRRC4,CREB5,CMTM2,MANSC1,FFAR2,RNF24,LRG1,ST6GALNAC2,ORM1,MME,PROK2,PFKFB4,SLC22A4,GPR97,ALPL,GNG10,CCR3,F2RL1,NPL,ARAP3,DENND3,BTNL8,FRAT2,TSPAN2,BEST1,FLJ10357,TGFBR3,KLRB1,KLRD1,TBX21,PTGDR,NLRC3,GPR56,MYBL1,ARL4C,KLRF1,PLEKHF1,IL18RAP,RORA,EOMES,XCL2,XCL1,FGFBP2,SAMD3,CTSW,CST7,KLRC1,PRKCH,S1PR5,CLIC3,TRD@,GNLY,SH2D2A,FASLG,PRF1,GIMAP7,GZMA,IL2RB,HOPX,GZMB,NKG7,CD96,GZMM,GZMH,SLAMF7,TRA@,TARP,CD7,KIR2DL2,KIR2DS4,KIR2DS5,KIR2DS2,KIR2DS3,KIR2DS1,KIR3DL1,KIR2DL5A,KIR3DL3,KIR2DL3,KIR2DL1,PVRIG,KIR2DL4,KIR3DS1,CD244,KLRC3,PPP1R16B,RASGRP1,CX3CR1,GPR18,TIGIT,C1orf21,TRGC2,MATK,PTPN4,PDGFRB,TNFSF11,IL12RB2,TNFSF14,SLC7A5,ADRB2,ATP9A,TIE1,NCAM1,ELOVL6,PTGER2,SLCO4C1,GPR82,ENPP5,IL18R1,NCR1,DLL1,TMEM64,CD97,SYNGR3,RARRES3,KIT,ATP8B4,GPR114,HAVCR2,ZBP1,AIM2,FCGR1A /// FCGR1C,FCGR2C,KCNJ2,WDFY3,PCTP,AP1S2,TRIM25,ISG15,IFI35,PSMB8,BST2,PSMB10,CASP1,SBNO2,FN1,PDGFRA,IL15,COL3A1,A2M,CCL3 /// CCL3L1 /// CCL3L3,IL1A,C3,ZNF423,SOCS2,CISH,TRIB1,TRAF1,NFKB1,DUSP1,LRRC25,GPBAR1,SIGLEC16,SLC2A6,MS4A14",BTM,831
INNATE IMMUNE SYSTEM,"STING1,MAVS,NLRP10,XRCC5,MNDA,CGAS,TLR4,CASP6,XRCC6,SFPQ,PYHIN1,MATR3,HEXIM1,GBP2,PRKDC,HMGB1,NLRP6,ELANE,IL31RA,CD6,CXCR2,TFEB,LGALS4,CX3CR1,CLEC6A,PLCG2,BCL10,DEFB119,DEFB106A,HLA-DRB4,RAB27A,HLA-DRB3,HLA-DMA,HLA-DOB,CTSH,RELB,AP3B1,CTSS,HLA-DMB,HLA-DPA1,RAB4A,HLA-E,PSMB8,RAB5B,HLA-C,WDFY4,RAB3B,RAB10,RAB6A,TAP2,TAP1,ERAP2,B2M,IDE,TAP2,HLA-E,RAET1L,RAET1G,HLA-C,HLA-G,HLA-F,HLA-C,HLA-F,RAET1G,HLA-G,RAET1L,HLA-E,TAP2,PSME1,FCGR1A,FCGR1A,FCER1G,IFI30,MFSD6,HLA-F,HLA-E,IFI30,HLA-DOB,DNM2,HLA-DMB,HLA-DPA1,CTSE,FCGR2B,CTSS,HLA-DMA,HLA-DRB3,FCER1G,HLA-DRB4,B2M,B2M,TAP2,SLC11A1,CTSS,HLA-G,HLA-E,B2M,HLA-F,HLA-C,ACE,ERAP2,HLA-DRB3,HLA-DMB,HLA-DRB4,HLA-DMA,HLA-DOB,HLA-DPA1,CD1D,CD1B,CD1E,CD1C,CD1B,AP3B1,CD1E,CD1D,CD1C,GP2,RNF135,PHB1,TRIM65,UBE2N,MAVS,NMB,RIGI,NMBR,IFIT1,EIF2AK2,STING1,MBL2,NCK1,IFIT2,NLRP6,MX1,PDE12,PSEN1,LRP1,GRN,VEGFA,MPL,MBL2,LBP,CD14,IFIT1,DAPK1,WAS,CCL5,CCL4,STXBP1,NOS2,AQP4,CCL8,STXBP4,CD47,STX4,STAT1,CLDN1,GBP6,CCL1,GBP2,CCL3,GBP1,CCL4L1,CCL3L1,ACTG1,RAB43,CCL18,CCL2,FCAR,IL12RB1,RPS6KB1,MRC1,CX3CL1,XCL1,TDGF1,TLR4,IRF8,CDC42,RPL13A,CCL20,LGALS9,STXBP3,MYO1C,ACTR2,CCL24,ACTR3,CASP1,FASLG,SIRPA,CCL7,CCL23,KIF5B,VIM,CD58,CALM1,GBP7,IL12B,WNT5A,HLA-DPA1,PDE12,ACOD1,ADAMTS13,AIF1,IL10,MAVS,RIGI,CGAS,STING1,CCR2,CXCR2,CCR1,CXCR4,CXCR1,CCR7,HMGB1,GPR183,PIK3CG,CCL5,GPR183,F2R,ALOX5,CDC42,EPS8,DOCK8,NLRP12,SCG2,CCL5,CCL4,CCL18,CCL3,LGALS3,CCL23,CCL1,CCL8,CCL4L1,CCL2,CCL7,CX3CL1,CCL3L1,XCL1,CCL24,VAMP2,VAMP7,CCL3,FCER1A,BTK,MPL,EPX,CCL3,IL17RC,UNC13D,CEBPB,BTK,SNAP23,SLC18A2,RAB44,RAB44,CLU,FCGR2B,NOTCH1,PNMA1,IL20RB,HMGB2,FOSL2,IL5RA,IL1RN,HMGB1,NOTCH2,RBPJ,RASGRP1,CD68,PPARG,IFNL4,PML,REL,RIGI,APOBEC3F,DEFB108B,CLEC6A,MST1R,OAS2,BPI,CAMP,NLRP10,ADARB1,BST2,TRIM27,MAVS,IRGM,TRIM21,PTX3,DEFB125,SSC5D,LGALS3,DAPK1,GBP1,GSDMD,STMP1,TRIM26,TARM1,TRIM51G,TAC1,RFPL4A,METTL3,MIF,TRIML2,CFD,NLRP2B,MBL2,IFI35,CLU,RNF135,SFPQ,IFI6,TAX1BP1,SFTPD,LILRA5,TTC4,HLA-C,LILRA4,IFNL2,CYBA,CSF1,FCGR1A,PARP1,CD46,SERINC5,DEFB131A,SARM1,LY86,CGAS,TRIM23,JAK3,STING1,CHGA,CX3CR1,KLRC2,PRKDC,CD160,KLRK1,FGR,BPIFB3,RFPL4AL1,MAP4K2,TRIM77,C1S,TRIM64C,DEFB128,PELI3,APOBEC3A,TMEM33,DEFB108A,IFIT2,GP2,VNN1,ADAR,DEFB1,APOBEC3H,IFITM3,GZMM,DEFB131B,XRCC5,FRK,NCF1,NLRC5,RNASE3,CD6,TRIM40,TNFAIP8L2,TRIM64B,C4B,TRIM22,TRIM48,F2RL1,CLEC10A,DEFB105A,HMGB2,BTK,ARG2,TLR4,KLRC1,PARP9,CD177,CR1,XRCC6,DEFB124,KRT16,NCF2,TICAM1,MASP2,S100A12,CFH,SYK,TRIM49D1,GATA3,C1QBP,HK1,BPIFC,IFNL3,CFP,HCK,TRIM65,NEDD4,DEFA5,CASP4,TREML1,SLC15A4,LBP,WFDC3,GARIN5A,LILRA2,WFDC10B,WFDC13,IFIT1,TRIM49C,CD55,GBP6,TRIM59,CD1D,NMB,NFKB2,MMP3,RELB,GBP2,TRIM64,PIK3CG,IFI27,ANKHD1,IRF1,SDHAF4,CD14,F12,ACOD1,UBA7,DEFB123,DEFB132,USP27X,B2M,LACC1,NLRX1,PLPP6,SPIRE1,NLRP9,HLA-E,ZC3HAV1,MX2,TBKBP1,PI3,ZNF683,IL27,TICAM2,C4A,OTUD4,DHX9,C1R,TRIM49B,TRIM43B,CORO1A,NFKB1,MATR3,DEFA4,HMGB1,GBP7,SIRT2,DEFB119,ITGAM,LCN2,SRC,C7,SRPK2,DEFA6,USP14,IL34,TRIM49,SLC15A3,FCER1G,MX1,IFITM2,BCL10,TIRAP,FOSL2,ENDOD1,SUSD4,DEFB106A,ZAP70,NQO1,IPO7,DDX60,MCOLN2,C6,EIF2AK2,IFITM1,HEXIM1,C4BPB,TREML4,CRISP3,ARID5A,WFDC9,DEFB107A,CFB,MASP1,TRIML1,CR2,RELA,TRIM58,IFNL1,AXL,WFDC11,NLRP6,DAB2IP,TRIM68,IL23R,LILRA2,NOS2,FAU,H2BC12L,DEFA3,DEFB1,H2BC10,DEFA1,RNASE3,RNASE2,DEFA6,DEFA5,DEFA4,CAMP,RPL39,HCK,TGFBR2,ITGB8,ITGB6,IL13,HAMP,CRTC3,JMJD6,FCGR3A,TMEM229B,SLC11A1,ADGRF5,TLR4,EDN2,TICAM1,IFI35,IL33,PRKCE,SYK,LBP,PLCG2,SFTPD,CCL2,LGALS3,AZU1,EDNRB,EDN2,RPL13A,CXCL17,CCL5,SAA1,CCL3,MMP2,LIPA,CSF1,ROR2,MCOLN2,BCR,CCR2,B4GALT1,S100A12,CHGA,KITLG,NF1,KIT,CHGA,CBL,RAB44,PIK3CG,CLNK,RASGRP1,GPR15LG,PTGDS,SYK,KIT,CHGA,FCER1A,MILR1,ADORA2B,CPLX2,SLC15A4,SERPINB9,NDST2,KITLG,STAT5B,XCL1,SNCA,ITGAM,AIF1,TRPV1,IL13,C5AR1,IFNGR1,IFNGR2,CX3CL1,CLU,MAPT,AZU1,NAGLU,CX3CR1,IL33,GRN,AZU1,HYAL2,MT1G,CSF1,SPACA3,P0DOX3,CCL3L1,CX3CL1,IL6R,CCL3,CCL18,CCL1,CCL7,LGALS3,CTSG,XCL1,CCL5,CCL2,CCL23,FLT1,CCL4,CCL4L1,CCL24,CCR2,CCL20,RPS19,CCL8,S100A12,CCR2,JAML,SIRPA,PECAM1,MPL,CSF1,LGALS3,TLR4,REG3G,HSPD1,TIRAP,BTK,TICAM1,FANCC,NCKAP1L,SOD1,BAX,HAMP,ITPKB,HMGB1,HLA-DRB3,CCR7,ARHGEF5,SPI1,BATF2,TGFBR2,NOTCH2,LTBR,PSEN1,RELB,RBPJ,IL12B,PRDX1,GATA3,KLRK1,BAG6,FCGR3A,IL2,RASGRP1,IFNA8,IFNE,IL12B,PIK3CG,FCGR3A,UNC13D,KLRF2,RAB27A,VAMP7,CORO1A,KAT7,SP3,PBX1,PTPRC,MERTK,AXL,STAT5B,TYRO3,IL15,FCGR3A,PTPN6,GZMB,RAET1G,LAG3,TUBB4B,PLEKHM2,CEBPG,RNF19B,KIF5B,KLRK1,STAT5B,KIR3DL1,PRDX1,CLEC2A,KLRC2,IL15,EMP2,STAT5B,LGALS9,HLA-E,CXCL8,F2RL1,IL15,KMT2E,CCL5,CXCR2,IL18RAP,FCAR,CXCL6,CTSG,PRKCD,CAMP,FCER1G,LILRA2,SYK,DNASE1,SCNN1B,CXCL9,JAML,CCL24,CCL18,SRP54,C5AR1,PIK3CG,SAA1,CCL8,CCL1,CCL3L1,CX3CL1,ITGA1,TGFB2,CXCR2,LBP,FCER1G,CCL3,EDN3,NCKAP1L,PPIB,XCL1,CXCR1,CXCL8,DPEP1,SYK,CD300H,PDE4B,CXCL6,VAV1,LGALS3,CXCL3,BSG,S100A12,CXCL5,PF4V1,EDN2,CCL4L1,CCL4,CCL7,CXADR,CCL23,CCL20,PPIA,CCL2,CXCL1,CCL5,CXCL2,HMGB1,CCR2,MERTK,AXL,STXBP3,VAMP7,BCR,ANXA3,PECAM1,PIK3CG,JAML,CD177,PRTN3,PDE4B,MTHFD1,BTK,CSF1,MPL,ADAM17,ACE,IL6R,KMT2E,JAGN1,FCAR,EMP2,GP2,JAGN1,CD177,MCOLN2,SCNN1B,AZU1,ELANE,F2,ELANE,NLRP6,CTSG,ATF2,ITK,FOSL2,TOX,IL15,SIRT2,NLRP6,NFKBIA,TLR4,XIAP,TLR4,LACC1,IRGM,XIAP,NFKBIA,RELA,MAP2K6,TNFAIP3,CASP1,LACC1,CGAS,STING1,CALR,PDIA3,HLA-DRB3,HLA-DMB,HLA-DMA,B2M,HLA-DRB4,HLA-DPA1,HLA-DOB,TAP2,LAG3,ZBTB46,IRF8,HCK,PIK3CG,PRDX2,LIPA,SP100,SHMT2,CH25H,SMPD1,MX1,GCH1,SLC30A8,CD40,IFITM2,C9JQL5,IFITM1,BST2,IFITM3,TRIM21,SLC11A1,IL23R,CIITA,SP100,SNCA,STAT1,ADAMTS13,IFNLR1,RNF135,PHB1,RIGI,LSM14A,SLC18A2,SYK,PLCG2,KLRC1,EP300,CLEC6A,KLRC2,KLRC3,SRC,KLRK1,TIRAP,PIK3AP1,TNIP2,TNIP2,SCIMP,TICAM1,TLR4,CD14,NAGLU,PIK3AP1,NFKBIA,SCIMP,TIRAP,RELA,PIK3AP1,SCIMP,TNIP2,PIK3AP1,AP3B1,TLR4,FOSL1,RPS6KA3,MAPKAPK2,PLCG2,BCL10,TICAM1,CTSS,SCIMP,PRKCE,TICAM2,RAB11FIP2,TICAM2,TICAM1,TLR4,CD40,IFNE,STAT2,HDAC4,STAT1,IFITM1,JAK1,OAS2,TYK2,IFNAR1,IFNAR2,IFI27,TRIM65,TBKBP1,IFITM3,SP100,C9JQL5,IFITM2,IFNA8,MAVS,STAT1,IRF1,JAK1,IFNGR1,TYK2,HCK,IFNGR2,SP100,IFNGR1,IFNLR1,IL10RB,IFNL1,TYK2,IFNL4,IFNGR2,IFNL3,JAK1,IFNL2",ImmuneGO,962
ANTIVIRAL & IFN,"IFIH1,ELANE,SERPING1,IL1B,RSAD2,IFIT1,RARA,DDX58,FCER1A,DHX58,PTX3,CARD9,OAS1,OAS3,PML,ANXA3,HERC5,DDX60,CXCL10,IRF7,C1QB,BCL3,TAP1,PARP9,STAT1,PLSCR1,IFITM1,USP18,LHCGR,COL8A1,IMPG2,ITGB4,MMP12,TNR,IFNA7,IFNA4,SFN,LAMC2,ST14,ADAMTS20,FGF5,IFNA10,IFNA16,IFNA14,FAM123A,IFNA8,IFNA2,IFNA5,IFNA21,PRL",BTM,50
LYMPHOCYTE,"CTLA4,IL23A,CCL4,FCER2,CAMK2D,CSF3,OSM,IGHD,BLK,CD200,IL1A,KIT,CD79A,MEF2C,CD28,DTX3,GAB1,SH2D2A,ADARB1,LARGE,FAM69B,CTGF,PRKCZ,CHI3L2,CD2,CLIP4,BANK1,DHCR24,NAV1,CD19,FKBP14,PTK2,CD1B,EBF1,CD3G,CD7,GPM6B,ICOSLG,VPREB1,CD9,VPREB3,LOC100132741,PSD3,TRAT1,SAMD13,RGL1,SCD,NDST3,ELOVL4,NTRK2,LOC100130458,RNF150,UBASH3A,LRP12,ACPL2,TCL1A,GXYLT2,STK32B,ACCN2,GH1,LOC284757,ADCY9,MAL,VSIG10,OGN,FAM150B,SH2D1A,CSRP2,CD3E,HHIP",BTM,70
MACROPHAGE,"IL13,HAMP,CRTC3,JMJD6,FCGR3A,TMEM229B,SLC11A1,ADGRF5,TLR4,EDN2,TICAM1,IFI35,IL33,PRKCE,SYK,LBP,PLCG2,SFTPD,CCL2,LGALS3,AZU1,EDNRB,EDN2,RPL13A,CXCL17,CCL5,SAA1,CCL3,MMP2,LIPA,CSF1,ROR2,MCOLN2,BCR,CCR2,B4GALT1",ImmuneGO,36
MAST CELL,"BTK,SNAP23,SLC18A2,RAB44,RAB44,S100A12,CHGA,KITLG,NF1,KIT,CHGA,CBL,RAB44,PIK3CG,CLNK,RASGRP1,GPR15LG,PTGDS,SYK,KIT,CHGA,FCER1A,MILR1,ADORA2B,CPLX2,SLC15A4,SERPINB9,NDST2,KITLG,STAT5B,SLC18A2",ImmuneGO,31
MONOCYTE,"TNFSF13,MYCL1,EPB41L3,DPYSL2,RTN1,SLC31A2,FES,LGALS3,HCK,APLP2,LGALS1,FXYD6,KCNE3,FAM198B,HSPA6,LAT2,CD33,TIMP2,CD36,TNFSF12-TNFSF13,C5AR1,MARCH1,FCGR1B,FCGR1A,SLC15A3,S100A11,MS4A7,MAFB,S100A12,CPPED1,TYROBP,FGR,PLA2G7,IRAK3,LYN,PYGL,SIRPA,FCAR,CRISPLD2,RNASE2,TBXAS1,PLBD1,HK3,FPR2,NOD2,IFI30,AQP9,IMPA2,LRP1,TMEM176A,CSF3R,RBP7,CACNA2D3,MS4A4A,HPSE,KCTD12,SMPDL3A,LST1,RBM47,SYK,SECTM1,PLXDC2,TLR2,CD163,BST1,TLR4,GLT1D1,TREM1,TLR8,FBP1,CD1D,CSF2RA,SLC7A7,EMR2,RASSF4,MGST1,IFNGR2,RIN2,LY86,PLXNB2,LILRB3,LILRB2,LILRB1,CLEC7A,QPCT,RNF130,PILRA,NFE2,TNS3,HNMT,GCA,FCN1,TFEC,VNN2,VNN3,TLR5,NCF1C,GAS2L1,GRN,BLVRB,ITGAX,MS4A6A,IL13RA1,CD93,TNFAIP2,CD14,ITGAM,SIRPB1,SORT1,AIF1,BTK,NCF2,NCF1,CCR1,CD302,PTAFR,STAB1,P2RY13,FCER1G,SPI1,CYP1B1,NLRP3,CSF1R,CD86,SCPEP1,ADAP2,S100A9,S100A8,CST3,KIAA0513,MTMR11,CSTA,RXRA,ASGR1,ASGR2,LGALS2,PRAM1,KIAA1598,CDA,SGK1,LMO2,ALDH2,FGL2,CLEC4E,CTSH,CYFIP1,MPEG1,PLAUR,IGSF6,NLRP12,MEGF9,APOB48R,F13A1,ALDH1A1,SERPINA1,CEBPA,KYNU,RAB32,RAB31,CEBPD,SEPX1,SIGLEC7,SULF2,MYOF,KLF4,FPR1,MNDA,FCGRT,ALOX5,ANPEP,PDGFC,NRGN,PRKCD,FCGR2A,CYBB,PADI2,CPVL,DMXL2,AOAH,CHST15,CFD,SLC11A1,CLEC4A,ZNF467,TYMP,SIGLEC9,LILRA6,TGFBI,LILRA5,LILRA2,LILRA3,CFP,LILRA1,RARA,FZD1,FOS,FZD2,PTGS2,IL8,CXCL1,DRAM1,G0S2,SOD2,IL1RN,NINJ1,BASP1,MARCKS,FAM129A,IL1B,CEBPB,DUSP6,MAML3,IER3,GPR109B,BCL6,EMR1,AMICA1,DOCK5,CD4,LY96,ARHGEF10L,TNFSF13B,LTBR,PGD,TNFRSF1B,LRRK2,DPYD,MGAM,PTX3,LYZ,IL1R2,DOK3,CARD9,EVI5,MYO1F,FGD4,HHEX,HAL,ST3GAL6,DYSF,RNASE6,SLC24A4,VNN1,NAIP,RHOU,CD68,CXCR2,NACC2,SMARCD3,PADI4,TMEM176B,SAMHD1,CTSS,EMILIN2,ACPP,F5,STEAP4,C19orf59,ACSL1,PAK1,C1orf162,MOSC1,TLR1,PID1,HLA-DMB,MPP1,AGPAT9,MCTP1,S1PR3,SLC16A3,NFAM1,APCDD1,PECAM1,CYBRD1,PLXND1,HLA-DRB4,TNFSF12,CLEC12B,CLEC12A,LPPR2,MARCO,C10orf54,TMEM71,SLC46A2,KCNQ1,MBOAT7,GPER,TNFRSF10B,CCR2,FCER1A,AGTRAP,CECR6,IL6R,TMEM154,LRRC33,TMTC2,ABCA1,SPNS1,P2RX1,VSTM1,BRI3,TMEM55A,PYCARD,GLIPR1,MFSD1,PTGIR,P2RY2,SLC40A1,ANO10,PTPRE,GPR133",BTM,311
MONOCYTE,"AZU1,HYAL2,MT1G,CSF1,SPACA3,P0DOX3,CCL3L1,CX3CL1,IL6R,CCL3,CCL18,CCL1,CCL7,LGALS3,CTSG,XCL1,CCL5,CCL2,CCL23,FLT1,CCL4,CCL4L1,CCL24,CCR2,CCL20,RPS19,CCL8,S100A12,CCR2,JAML,SIRPA,PECAM1,MPL,CSF1",ImmuneGO,34
MYELOID CELL,"IL1RN,IL23A,IL10,MMP19,IL6,LAMC2,MMP9,EDN1,SFN,LAMB3,GSN,LIN7A,MYH10,PTGS1,EHD3,PCSK6,CCR2,CHI3L1,EGF,CLEC5A,FCER1G,NLRP3,ITGA2B,MMRN1,CSF1R,THBS1,SPARC,MARCKS,SLC8A1,PDGFA,ITGB3,HHEX,PROS1,TF,CLU,CXCL12,PRAM1,ACTN1,F5,CD14,FKBP1B,TLR7,TLR4,SNCA,BCL6,SELP,CD1D,SLC7A7,AMICA1,CCR1,LRRC25,GPBAR1,MYOF,MARCO,SULF2,CD86,SLC1A3,IGSF6,MPEG1,MTMR11,RNASE6,SLC24A4,SIGLEC16,ASGR1,SLC15A3,KCTD12,CHST15,SLC2A6,SECTM1,CLEC4A,TLR5,TLR8,SIGLEC7,MS4A14,LILRA1",BTM,75
NEUTROPHIL,"LIN7A,NCF4,EMR3,FCGR3A,S100P,FCGR3B,TNFRSF10C,C5AR1,MGC31957,CHI3L1,NLRP12,CYP4F3,MXD1,SEPX1,MGAM,DGAT2,RGL4,REPS2,VNN2,CXCR1,NFE2,KRT23,GPR109B,PYGL,FPR2,G0S2,KCNJ15,LRRC4,FPR1,CREB5,FCGR2A,CMTM2,MANSC1,CSF3R,FFAR2,RNF24,LRG1,ST6GALNAC2,ORM1,MME,CDA,PROK2,PFKFB4,VNN3,SLC22A4,BASP1,TREM1,GLT1D1,GPR97,PTAFR,STEAP4,ALPL,GNG10,CCR3,F2RL1,NPL,ARAP3,HSPA6,TYROBP,CFD,IMPA2,DENND3,BTNL8,FRAT2,MBOAT7,TSPAN2,BEST1,FLJ10357,SLC40A1",BTM,69
NEUTROPHIL,"CXCL8,F2RL1,IL15,KMT2E,CCL5,CXCR2,IL18RAP,FCAR,CXCL6,CTSG,PRKCD,CAMP,FCER1G,LILRA2,SYK,DNASE1,SCNN1B,CXCL9,JAML,CCL24,CCL18,SRP54,C5AR1,PIK3CG,SAA1,CCL8,CCL1,CCL3L1,CX3CL1,ITGA1,TGFB2,CXCR2,LBP,FCER1G,CCL3,EDN3,NCKAP1L,PPIB,XCL1,CXCR1,CXCL8,DPEP1,SYK,CD300H,PDE4B,CXCL6,VAV1,LGALS3,CXCL3,BSG,S100A12,CXCL5,PF4V1,EDN2,CCL4L1,CCL4,CCL7,CXADR,CCL23,CCL20,PPIA,CCL2,CXCL1,CCL5,CXCL2,HMGB1,CCR2,MERTK,AXL,STXBP3,VAMP7,BCR,ANXA3,PECAM1,PIK3CG,JAML,CD177,PRTN3,PDE4B,MTHFD1,BTK,CSF1,MPL,ADAM17,ACE,IL6R,KMT2E,JAGN1,FCAR,EMP2,GP2,JAGN1,CD177,MCOLN2,SCNN1B,AZU1,ELANE,F2,ELANE,NLRP6,CTSG",ImmuneGO,101
NK CELL,"TGFBR3,KLRB1,KLRD1,CCL5,TBX21,FCGR3B,PTGDR,CD247,NLRC3,GPR56,MYBL1,ARL4C,KLRF1,STAT4,PLEKHF1,IL18RAP,RORA,EOMES,XCL2,XCL1,FGFBP2,SAMD3,CTSW,CST7,ZAP70,KLRC1,PRKCH,S1PR5,CLIC3,TRD@,GNLY,SH2D2A,FASLG,PRF1,PRKCQ,GIMAP7,GZMA,IL2RB,HOPX,ITK,GZMB,NKG7,CD96,GZMM,GZMH,KLRK1,SLAMF7,TRA@,TARP,CD7,KIR2DL2,KIR2DS4,KIR2DS5,KIR2DS2,KIR2DS3,KIR2DS1,KIR3DL1,KIR2DL5A,KIR3DL3,KIR2DL3,KIR2DL1,PVRIG,KIR2DL4,KIR3DS1,CARD11,CD244,KLRC3,PPP1R16B,RASGRP1,CCL4,CX3CR1,GPR18,TIGIT,C1orf21,GIMAP6,TRGC2,MATK,PTPN4,PDGFRB,TNFSF11,IL12RB2,TNFSF14,SLC7A5,ADRB2,ATP9A,TIE1,NCAM1,ELOVL6,PTGER2,SLCO4C1,GPR82,ENPP5,IL18R1,NCR1,DLL1,TMEM64,CD97,SYNGR3,RARRES3,KIT,ATP8B4,GPR114,HAVCR2",BTM,103
NK CELL,"XCL1,IL12B,PRDX1,GATA3,KLRK1,BAG6,FCGR3A,IL2,RASGRP1,IFNA8,IFNE,IL12B,PIK3CG,FCGR3A,UNC13D,KLRF2,RAB27A,VAMP7,CORO1A,KAT7,SP3,PBX1,PTPRC,MERTK,AXL,STAT5B,TYRO3,IL15,FCGR3A,PTPN6,GZMB,RAET1G,LAG3,TUBB4B,PLEKHM2,CEBPG,RNF19B,KIF5B,KLRK1,STAT5B,KIR3DL1,PRDX1,CLEC2A,KLRC2,IL15,EMP2,STAT5B,LGALS9,HLA-E",ImmuneGO,49
B CELL,"IGKV4-1,LOC652493,IGHA1,IGHG1,TNFRSF17,LOC100287723,LOC100289053,IGK@,IGKC,IGKV1D-13,LOC96610,IGLV3-19,TXNDC5,DERL3,LOC100290557,MUTED,CD27,IGL@,LOC91316,IGH@,IGKV3-20,IGHD,IGHV3-48,PNOC,IGLV2-23,IGHM,CYAT1,LOC100130100,IGKV1-5,LOC100293440,POU2AF1,IGLV1-44,IGLJ3,IGLV4-60,MGC29506,IGLL5,PPAP2C,KCNG2,SLC5A4,CAV1,TEK,TMEM37,GP1BB,SLC16A14,ICAM2,SLC44A1,CCR10,CHRM1,CLPTM1L,KCNN3,HM13,GPR25,KCNH1,TXNDC15,SDC1,DRD4,KRTCAP2,TRAM2,SCARB2,AMIGO3",BTM,60
ARPP,"DDX58,IRF7,CCL4,CCL5,ZBP1,NFKBIA,AIM2,IL6,PYCARD,CXCL10,IL1B,FCGR1A /// FCGR1C,HSPA6,NCF4,TLR6,C5AR1,FCGR1B,APOB48R,LILRB3,KCNJ15,LILRB1,PILRA,TYROBP,MGAM,FGR,P2RY13,CXCR2,NFE2,IRAK3,MYD88,FPR2,SIGLEC9,FCAR,DYSF,NPL,FPR1,ALOX5,FCGR2C,AQP9,FES,CSF3R,TLR7,LY96,LILRB2,ITGAX,KCNJ2,WDFY3,TLR2,TLR1,BST1,ANPEP,TLR4,TLR5,LILRA6,TLR8,PADI4,SLC40A1,TNFSF13B,ASGR1,ASGR2,PCTP,AP1S2,BCL6,IL1R2,TBXAS1,DHX58,TRIM25,IFIH1,TNF,ISG15,IL8,TAP1,KYNU,IFI35,LY86,THBS1,PSMB8,EREG,BST2,USP18,CTSS,RIPK2,AIF1,CXCL16,PSMB10,CASP1,IFIT2",BTM,87
SIGNALING,"CCL2,CCL1,CCL7,CCL4,CCL5,CCL8,PF4,XCL1,PPBP,CCL20,CCL23,IFNG,CXCL2,CXCL11,CXCL10,CXCL13,CXCL12,CXCL1,CXCL3,CCL13,CXCL5,CXCL6,CCL18,CCL19,CXCL9,IL8,ANXA1,CCR1,CCR5,DOCK2,TNF,CXCR6,ICAM1,CXCR4,HCK,IL7R,IL2RA,LIF,IL23A,IL15,CSF2,CSF3,IL6,IL10,IL15RA,IFIH1,ELANE,SERPING1,IL1B,RSAD2,IFIT1,RARA,DDX58,FCER1A,DHX58,PTX3,CARD9,OAS1,OAS3,PML,ANXA3,HERC5,DDX60,IRF7,C1QB,BCL3,TAP1,PARP9,STAT1,PLSCR1,IFITM1,USP18,LHCGR,COL8A1,IMPG2,ITGB4,MMP12,TNR,IFNA7,IFNA4,SFN,LAMC2,ST14,ADAMTS20,FGF5,IFNA10,IFNA16,IFNA14,FAM123A,IFNA8,IFNA2,IFNA5,IFNA21,PRL,SBNO2,MAP3K8,FN1,CD83,PDGFRA,TNFAIP3,TF,COL3A1,NFKB2,A2M,CCRL2,CCL3 /// CCL3L1 /// CCL3L3,IL1A,C3,DUSP6,ZNF423,TIMP2,SOCS2,MAPK14,CISH,CCR7,BCL6,TRIB1,TRAF1,ADORA2A /// CYTSA,NFKBIA,BCL2A1,GCH1,G0S2,TNFAIP6,HS3ST3B1,NFKB1,SLAMF7,DUSP1,PDE4B",BTM,129
T CELL,"CD52,CD4,CD247,CD2,CCR7,BIN2,HLA-DRA,IL12RB1,TRAT1,ZAP70,TRAF3IP3,HLA-DRB1,PRKAR1B,GIMAP6,TRA@,ITK,IL2RG,TRA@ /// TRAC,CD3E,TRA@ /// TRAC /// TRAJ17 /// TRAV20,PTPRC,PRKACB,CD3D,LCK,CD3G,IL7R,KLRB1,CCL5,RASGRP1,SH2D1A,TRAV20,BCL11B,CD6,CD7,TRBC1,LEF1,NKG7,UBASH3A,PTPRCAP,TRAC,TRD@,SLA2,RORA,MAL,EOMES,XCL2,XCL1,ETS1,SAMD3,SIT1,NLRC3,SIRPG,PRKCH,ICOS,CD28,TRAJ17,NELL2,GNLY,CD27,LAT,FLT3LG,PRF1,PRKCQ,GIMAP7,GATA3,GZMA,GZMB,CD96,GZMM,GZMH,TIGIT,GZMK,ITM2A,GPR171,IL32,TARP,THEMIS,TCF7,CD5,MS4A1,PTPN22,TXK,IKZF1,CAMK4,DPP4,RHOH,CD8A,ITPR3,CD8B,CRTAM,KLRK1,IL21R,CORO1A,SLAMF7,SLAMF1,SP140,CCR5,STAT4,CXCR3,IFNG,IL18R1,PTPN7,KLF12,ATP8B2,ZMYND11,GLYR1 /// SEPT6,CHST15,LIME1,CD24,GRAP2,THEM4,LAT /// SPNS1,NOG,LRRN3,SPOCK2,FASLG,ABLIM1,BCL2,TGFB1,AES,FAM108A1,UBE2M,DEF6,H1FX,CCDC22,ACAP1,TECR,HGS,SIPA1,CLPTM1,TSC2,SH2B1,APEH,CBX4,STXBP2,BRD2,ATP5D,DGKZ,NRBP1,MAZ,GNB2,NR1H2,CNOT3,IL2RA,JUNB,FOS,FOSB,EGR1,JUN,TNF,TNFRSF4,ATF3,TNFRSF9,IL2RB,FOSL1,TNFRSF18,CXADR,LILRB4,CD40LG,LILRB2,LILRB1,TYROBP,ITGA4,VCAM1,LILRB3,IL23A,FYN,IFI30,CD37,MAPK14,ARHGDIB,LCP1,SELL,SPI1,GFI1,LPXN,LAG3,PTPN6,UNC93B1,LTB,JAK3,MGC16121,TCF4,SLC40A1,APBB1,CHI3L2,ASRGL1,PCSK5,SLC38A1,HOPX,DENND2D,TC2N,PLEKHF1,CLEC2D,FGFBP2,LBH,TRGC2,LOC439949,NPDC1,ANKH,CD320,SLC37A3,C6orf129,NDFIP2,CXCR6,TMEM106C,C12orf23,GIMAP2",BTM,208
T CELL,"ABL1,STAT5B,IL2,FAS,RPS6,AKT1,CD247,CD3G,RPL22,BRAF,GLI3,ADA,ABL1,ZAP70,RHOA,CLEC4G,PTPRC,ZAP70,SYK,RHOA,BRAF,CDH26,CD81,CD83,BRAF,TOX,PRKCQ,CD28,FUT7,IL2RG,TOX,HLA-E,WDFY4,PSMB11,IRF1,TNFSF8,EOMES,TOX,BCL2,KLRC1,RAB27A,LIG4,PTPRC,RAG2,ABL1,CCR7,CRTAM,MYH9,IL15,ITK,CXADR,JAML,CD3G,CD247,SYK,STAT5B,TCF7,PTPRC,CRKL,CRK,CCL2,CD6,DOCK8,MSN,CD81,PRF1,EPHB1,TNFSF4,ITGAL,DOCK8,THEMIS,ZAP70,GLI3,CD28,CCR7,SPN,PTPRC,CCR7,THEMIS,BRAF,SRF,ZAP70,ITPKB,PTPRC,CD3G,CD28,CD86,PRKCQ,WAS,CHRNA7,CD28,CORO1A,HSPD1,RBX1,NCK1,SMAD3,PPP3CA,LAG3,NLRC3,PPP3CB,FKBP1A,MFAP3,PIK3CG,DPP4,TNFAIP8L2,CD7,CD276,VAV1,PTPRC,CD44,ITK,RASGRP1,CD80,DCAF12,CD3G,CD8B,ADA,ZAP70,DDOST,IFNE,MDK,F2RL1,LCP1,PSEN1,IFNA8,CD1C,APBB1IP,ITGAL,CXCL12,CCL3,DEFA4,GPR183,SLC12A2,PIK3CG,DEFA1,CD86,PTPN6,CAV1,SRC,PTPN11,DPP4,SPN,LGALS1,MAP3K8,KLRK1,CD160,CD24,AKT1,CD28,CD80,PIK3CA,EFNB1,EFNB2,VAV1,CSK,MTOR,CD40LG,KDELR1,DTX1,GATA3,ITPKB,KIT,CTNNB1,IL2,FOSL2,PTPRC,ZAP70,VAV1,PPP3CB,SOX4,PTPN2,LIPA,LMBR1L,LFNG,LEPR,BCL2,GPR89A,LEP,EGR1,PKNOX1,IL7R,PIK3R1,NRARP,SP3,RAG2,GPR89B,RAG2,NKAP,STAT5B,IL2RG,IL7R,CTNNB1,RAG1,GLI3,ZFP36L2,NCAPH2,ZFP36L1,BCL2,ADAM17,PRKDC,GATA3,WNT4,RPS6,LIG4,CDK6,BRAF,B2M,JMJD6,PSMB11,TESPA1,FCER1G,XG,CD99,PPP2CA,CHST3,BCL2,SPNS2,JAK3,STAT5B,ZC3H8,NCKAP1L,PPP2R1A,RC3H1,IL7R,CORO1A,RAG1,PPP3CB,IL20RB,GPR15LG,CASP3,CCNB2,PRDX2,BAX,IL7,BCL2,RAG2,PRKDC,MYO1G,GZMM,CTSH,TAP2,PPP3CB,PRF1,EMP2,CTSC,HPRT1,IL7R,B2M,CD46,CLEC4G,JAG1,MYO1G,CR2,BTN3A2,CD70,GNL1,CR1,GPR15,MYO1G,CORO1A,FUT7,ZAP70,S1PR1,MSN,CCL20,ITGB7,PIK3CG,CD28,PSMB10,EFNB1,IL12B,CORO1A,PTPRC,FKBP1B,LIPA,PTPN6,KITLG,PPP3CB,LMBR1L,RASGRP1,IL20RB,MSN,CTPS1,TNFRSF4,IL2,IDO1,RC3H1,CD151,SCGB1A1,SPN,CCND3,PRDX2,LILRB1,SLC11A1,RPS6,GATA3,SKAP1,THEMIS2,THEMIS,CD3G,KHDRBS1,PTPRC,CACNB3,ZAP70,BTK,PDE4B,PDE4D,RC3H1,CD247,ITK,UBE2N,ABL1,NFKBID,BRAF,CRKL,PLCG2,DENND1B,MAPK1,TXK,VTCN1,PSEN1,FYB2,CTLA4,BTNL8,CD8B,BTN3A2,BCL10,CSK,CD28,BTNL10P,TEC,ZNF683,CD276,PLCG1,EIF2B2,FOSL2,PTPN6,BCAR1,BTNL9,BTNL3,BTN2A1,HLA-DRB3,PTPRJ,PIK3CA,LIG4,PRKDC,CD1D,ZAP70,ITPKB,GATA3,BCL6,FCER1A,IL10,IL33",ImmuneGO,354
T HELPER CELLS,"GPR183,RC3H1,HMGB1,CEBPB,RELB,HMGB1,IL4R,SPN,STAT6,MTOR,TLR4,IL18BP,RELB,IL12B,BCL3,CCR2,RORC,RORA,IL6R,STAT3,IL6ST,JAK1,STAT3,NOTCH1,PHB1,TNFSF4,BCL6,IL4R,GATA3,MYB,MEN1,BCL3,KMT2A,PTGER4,ATP7A,IL12B,ZFPM1",ImmuneGO,37
TH1,"F2R,TMEM200A,C6orf129,GPR19,LAG3,NDFIP2,TSPAN5,SV2A,GPR114",BTM,9
TH2,"UBASH3A,CD28,LCK,TRAT1,PKIA,HNRPLL,GZMK,LAT,ITM2A,GRAP2,IL32,GPR171,SIT1,DPP4,GATA3,MAL,CD3G,SLC37A3,GPR15,CLDND1,TMEM200A,SLC4A7,IL17RB,C6orf129",BTM,24
